fold,model,threshold,approve_rate,profit_per_applicant
2014,logistic_woe,0.007993408955641549,0.0,0.0
2014,logistic_woe,0.01799359582701722,0.005,7.519071527036689
2014,logistic_woe,0.02140956439020185,0.01,15.163466102988592
2014,logistic_woe,0.023772306838318137,0.015,23.895744286515846
2014,logistic_woe,0.025561047406628915,0.02,32.17779786202136
2014,logistic_woe,0.02711008832599673,0.025,40.96465689698762
2014,logistic_woe,0.028625393186639675,0.03,49.60248981248116
2014,logistic_woe,0.029895519291230827,0.035,58.17381553137977
2014,logistic_woe,0.030958920671888445,0.04,66.35512988633661
2014,logistic_woe,0.032017265803719094,0.045,74.60329596022069
2014,logistic_woe,0.03304223715962493,0.05,82.05038128245717
2014,logistic_woe,0.033954542462687795,0.055,89.56784502034706
2014,logistic_woe,0.03482689386183268,0.06,96.97897371468687
2014,logistic_woe,0.03568556328752351,0.065,104.1397860849943
2014,logistic_woe,0.036515900032358765,0.07,111.07959037398156
2014,logistic_woe,0.037260730730736526,0.075,118.59376075082488
2014,logistic_woe,0.03795191210661603,0.08,125.44379151385255
2014,logistic_woe,0.038676453511932184,0.085,133.51263234497293
2014,logistic_woe,0.03933455978339783,0.09,141.9229320735058
2014,logistic_woe,0.04000936004935744,0.095,148.8904570002483
2014,logistic_woe,0.04065081788897986,0.1,156.7487542388613
2014,logistic_woe,0.04126113727100174,0.105,163.6759384264353
2014,logistic_woe,0.04185315570311494,0.11,170.2509651769221
2014,logistic_woe,0.04243276393909057,0.115,177.57592658681642
2014,logistic_woe,0.043025318267326945,0.12,184.42233427866626
2014,logistic_woe,0.04356280500741934,0.125,192.21678120642736
2014,logistic_woe,0.04411315805424676,0.13,198.89308906626005
2014,logistic_woe,0.04468697820395671,0.135,205.5821044251999
2014,logistic_woe,0.04526497502814567,0.14,212.6717663144492
2014,logistic_woe,0.04578444918663743,0.145,220.06758058874428
2014,logistic_woe,0.04629301319291721,0.15,227.00787883472725
2014,logistic_woe,0.04676628607067329,0.155,234.25657023722667
2014,logistic_woe,0.047245285991423594,0.16,241.82411933984142
2014,logistic_woe,0.047730826071365584,0.165,249.29450267476213
2014,logistic_woe,0.04825367497308781,0.17,255.83872465037578
2014,logistic_woe,0.04873108236233844,0.175,263.98203018594603
2014,logistic_woe,0.049235799534354086,0.18,270.87135256266674
2014,logistic_woe,0.049692063879188904,0.185,277.5808340695534
2014,logistic_woe,0.05016073394205907,0.19,285.9221701909489
2014,logistic_woe,0.0506673148249005,0.195,293.92351832058097
2014,logistic_woe,0.051126588477734,0.2,300.9356387821367
2014,logistic_woe,0.05158743709039925,0.205,309.5816719554686
2014,logistic_woe,0.05203681716055651,0.21,316.85851890972833
2014,logistic_woe,0.0524824870098917,0.215,323.96821355804434
2014,logistic_woe,0.05292843637977284,0.22,331.5557628442811
2014,logistic_woe,0.05337101892070622,0.225,338.04556938729576
2014,logistic_woe,0.05381780163024338,0.23,344.92794496259773
2014,logistic_woe,0.054274946074678955,0.235,352.51560387260383
2014,logistic_woe,0.05471768041834478,0.24,359.450931972125
2014,logistic_woe,0.05517350344728743,0.245,366.18432141209007
2014,logistic_woe,0.05562122226075659,0.25,373.04000924069226
2014,logistic_woe,0.05603452422961857,0.255,380.51416738246314
2014,logistic_woe,0.0564684396364252,0.26,386.6685423868503
2014,logistic_woe,0.05689122622083256,0.265,393.30733167143234
2014,logistic_woe,0.0572946812850325,0.27,400.0055096526915
2014,logistic_woe,0.05772293886110501,0.275,407.2403829133667
2014,logistic_woe,0.05812795467161963,0.28,413.02664635443
2014,logistic_woe,0.05857716775213853,0.285,419.6643105787003
2014,logistic_woe,0.05901931179675614,0.29,427.1791002939391
2014,logistic_woe,0.05943562958219389,0.295,435.33851742025547
2014,logistic_woe,0.05989457780227015,0.3,443.7017287211545
2014,logistic_woe,0.06033026049754549,0.305,449.9605049345535
2014,logistic_woe,0.06078840713153596,0.31,457.38957040174415
2014,logistic_woe,0.06120328304460383,0.315,463.10699119717754
2014,logistic_woe,0.06163840070229208,0.32,470.8683696699131
2014,logistic_woe,0.06205215576723284,0.325,478.09745594229594
2014,logistic_woe,0.06244692203387592,0.33,486.9241256976741
2014,logistic_woe,0.06284527263711898,0.335,494.9755226135108
2014,logistic_woe,0.06328237972441551,0.34,502.0314124566539
2014,logistic_woe,0.06370572048637661,0.345,508.7928612797483
2014,logistic_woe,0.06413638640493968,0.35,514.9623811712052
2014,logistic_woe,0.06453246237217956,0.355,522.6677058642102
2014,logistic_woe,0.06494301695050558,0.36,531.1518612311648
2014,logistic_woe,0.06537476675959426,0.365,539.0828894099192
2014,logistic_woe,0.06582280213993093,0.37,546.7198108718904
2014,logistic_woe,0.06621920299132351,0.375,554.7029424544708
2014,logistic_woe,0.06664505366203106,0.38,560.6642240324128
2014,logistic_woe,0.06707174933726093,0.385,567.3323597921722
2014,logistic_woe,0.06751365391176432,0.39,574.6233479344855
2014,logistic_woe,0.06795747711679315,0.395,582.2063215769467
2014,logistic_woe,0.06838986083830384,0.4,589.2295188138679
2014,logistic_woe,0.06884385930306353,0.405,596.6841233517295
2014,logistic_woe,0.06930333834724069,0.41,603.5629594444428
2014,logistic_woe,0.06978430170444838,0.415,611.0748653570997
2014,logistic_woe,0.07018237910630472,0.42,618.0785530543243
2014,logistic_woe,0.07062991585279697,0.425,626.089360573748
2014,logistic_woe,0.07107364252167447,0.43,633.310280512652
2014,logistic_woe,0.07153711263964303,0.435,640.3745969574411
2014,logistic_woe,0.0719736408036548,0.44,646.7026301946192
2014,logistic_woe,0.07241769171546536,0.445,654.2250153327742
2014,logistic_woe,0.0728639011626446,0.45,661.8738137362787
2014,logistic_woe,0.07327453279000204,0.455,667.1519765451933
2014,logistic_woe,0.07371283161465048,0.46,673.7801800433351
2014,logistic_woe,0.07413194011900398,0.465,679.7257575730191
2014,logistic_woe,0.07458050972001881,0.47,687.0493093768393
2014,logistic_woe,0.0750168079959095,0.475,695.1452978917822
2014,logistic_woe,0.07548992473106168,0.48,702.6874057381542
2014,logistic_woe,0.07598770438394939,0.485,711.0322082198865
2014,logistic_woe,0.07640697719139464,0.49,718.4488423440696
2014,logistic_woe,0.0768617094903761,0.495,723.6986535577631
2014,logistic_woe,0.07731041479912097,0.5,731.4677397313446
2014,logistic_woe,0.07780371729178753,0.505,739.2461857064077
2014,logistic_woe,0.07825515867063744,0.51,746.3618580233681
2014,logistic_woe,0.07871561259680322,0.515,752.0721710821014
2014,logistic_woe,0.07919038919181388,0.52,760.0114746983754
2014,logistic_woe,0.07967893270850487,0.525,765.5362962131475
2014,logistic_woe,0.08018293215814301,0.53,771.8176322670968
2014,logistic_woe,0.08064507701411461,0.535,778.8111474492059
2014,logistic_woe,0.08112204883264246,0.54,785.8525392647422
2014,logistic_woe,0.08161236241381312,0.545,793.3206526657635
2014,logistic_woe,0.08212484743011696,0.55,801.0456359747966
2014,logistic_woe,0.08261605668756267,0.555,808.1879964982143
2014,logistic_woe,0.08312418516354131,0.56,814.6457534150292
2014,logistic_woe,0.08362941245573743,0.565,820.5220038200571
2014,logistic_woe,0.08414110203490466,0.57,828.7222001806215
2014,logistic_woe,0.08463178909530553,0.575,835.815612449576
2014,logistic_woe,0.08512983012650531,0.58,842.823442529031
2014,logistic_woe,0.08565374952700408,0.585,847.9164509128051
2014,logistic_woe,0.08616857472891093,0.59,856.4174912211565
2014,logistic_woe,0.08671115183195673,0.595,862.6223545003775
2014,logistic_woe,0.08724761519233515,0.6,868.0297108961433
2014,logistic_woe,0.08779000674499635,0.605,873.8305120320754
2014,logistic_woe,0.08833421653570911,0.61,882.1314239049285
2014,logistic_woe,0.0888920959280975,0.615,890.4845736100955
2014,logistic_woe,0.08945210458672233,0.62,896.9526826245201
2014,logistic_woe,0.09003987106351564,0.625,903.2578584888895
2014,logistic_woe,0.09064332886441719,0.63,910.1546875441323
2014,logistic_woe,0.09122189821714723,0.635,916.5405970460484
2014,logistic_woe,0.091791259130385,0.64,923.4526359919195
2014,logistic_woe,0.09234770957557717,0.645,930.9551135791661
2014,logistic_woe,0.09292283793763191,0.65,938.9518514343607
2014,logistic_woe,0.09351625332703113,0.655,946.3905402672389
2014,logistic_woe,0.09406796370530805,0.66,952.4148897308943
2014,logistic_woe,0.09469118047432126,0.665,957.8686902808719
2014,logistic_woe,0.09532379918925213,0.67,966.354426700673
2014,logistic_woe,0.0959707242430096,0.675,974.1712550021931
2014,logistic_woe,0.0966194626144046,0.68,980.6268820239818
2014,logistic_woe,0.09726235586690549,0.685,987.6752679071617
2014,logistic_woe,0.09791047675478551,0.69,994.8712300464199
2014,logistic_woe,0.09852747156708953,0.695,1003.266910266109
2014,logistic_woe,0.09919800970033317,0.7,1007.5687914012373
2014,logistic_woe,0.0998949696424725,0.705,1012.7852680259352
2014,logistic_woe,0.10060417015046644,0.71,1020.7344664420411
2014,logistic_woe,0.10127901757307937,0.715,1028.0837531386298
2014,logistic_woe,0.10194036374348564,0.72,1035.3532906527428
2014,logistic_woe,0.10269069901130402,0.725,1043.0377449861462
2014,logistic_woe,0.10342777528474385,0.73,1051.109490976746
2014,logistic_woe,0.10420611506743381,0.735,1057.8620704831042
2014,logistic_woe,0.10497187474122407,0.74,1065.0984644876326
2014,logistic_woe,0.10579369147186812,0.745,1072.3074099200642
2014,logistic_woe,0.10660634595605059,0.75,1078.0835170708
2014,logistic_woe,0.10737404733797494,0.755,1084.2077564065803
2014,logistic_woe,0.10812331527631192,0.76,1090.4720539429393
2014,logistic_woe,0.10895402637402518,0.765,1098.2741242129896
2014,logistic_woe,0.10982699706905563,0.77,1104.0284845166598
2014,logistic_woe,0.11070269289881078,0.775,1113.5597493809028
2014,logistic_woe,0.11153680444128991,0.78,1120.0371571807818
2014,logistic_woe,0.11243101544802647,0.785,1125.9957462539503
2014,logistic_woe,0.1133570143211936,0.79,1131.2325083083986
2014,logistic_woe,0.11426264665837264,0.795,1137.6180366583749
2014,logistic_woe,0.1151624841826809,0.8,1143.8677173348717
2014,logistic_woe,0.11609566765103732,0.805,1149.666685250704
2014,logistic_woe,0.11707693473400074,0.81,1154.9382647349921
2014,logistic_woe,0.11801149155438667,0.815,1162.3777296518977
2014,logistic_woe,0.11907391152801917,0.82,1167.3214600095528
2014,logistic_woe,0.12011885616820792,0.825,1175.2069257632415
2014,logistic_woe,0.12117178562479394,0.83,1181.9335527750904
2014,logistic_woe,0.12232675501683296,0.835,1190.4181402960164
2014,logistic_woe,0.12348165531461766,0.84,1196.8988350573463
2014,logistic_woe,0.12479677517798182,0.845,1202.741558412477
2014,logistic_woe,0.12596947158710725,0.85,1207.2244688377268
2014,logistic_woe,0.1272804430749788,0.855,1213.8029135747531
2014,logistic_woe,0.1284546100048612,0.86,1221.3687082557817
2014,logistic_woe,0.12995501029272222,0.865,1229.6309044139769
2014,logistic_woe,0.13148061901041175,0.87,1235.311372633224
2014,logistic_woe,0.13289122217606678,0.875,1240.6642109904049
2014,logistic_woe,0.13435993178765424,0.88,1247.4720886653909
2014,logistic_woe,0.13597038552890814,0.885,1255.7435189245753
2014,logistic_woe,0.13758135573888727,0.89,1262.92822304388
2014,logistic_woe,0.13913446935154547,0.895,1270.7032828541555
2014,logistic_woe,0.14081091862689882,0.9,1277.1891140233054
2014,logistic_woe,0.14255181522565266,0.905,1284.5735470536208
2014,logistic_woe,0.14433430116269758,0.91,1289.3629978707636
2014,logistic_woe,0.14623273018774904,0.915,1295.379472022548
2014,logistic_woe,0.14831742283812846,0.92,1301.2896923569092
2014,logistic_woe,0.15042863160828177,0.925,1307.4520863404875
2014,logistic_woe,0.15296253768261803,0.93,1311.6026663745317
2014,logistic_woe,0.15548407128756164,0.935,1317.78603135806
2014,logistic_woe,0.15859218987781787,0.94,1323.5942961618239
2014,logistic_woe,0.16174344476538582,0.945,1329.9093141367243
2014,logistic_woe,0.16512212750257257,0.95,1336.9240636601487
2014,logistic_woe,0.16910949745633858,0.955,1343.6645508450267
2014,logistic_woe,0.17337983830389272,0.96,1348.3634674189059
2014,logistic_woe,0.17831530975502302,0.965,1353.1112258869443
2014,logistic_woe,0.18368760264749678,0.97,1357.6809042367322
2014,logistic_woe,0.19002830839593965,0.975,1364.0747918771199
2014,logistic_woe,0.19810050155726264,0.98,1366.4515246848064
2014,logistic_woe,0.20852026419551445,0.985,1372.563821441016
2014,logistic_woe,0.22230681249192488,0.99,1377.9573629895172
2014,logistic_woe,0.24752152245221926,0.995,1383.1562244638924
2014,logistic_woe,0.4471322130243694,1.0,1386.4114745935287
2014,lightgbm,0.004664797303815061,0.0,0.0
2014,lightgbm,0.014533144819961987,0.005,9.597508158293671
2014,lightgbm,0.01745083420047732,0.01,20.64285517243595
2014,lightgbm,0.019847345603478967,0.015,31.211731132128417
2014,lightgbm,0.02161983894419814,0.02,41.51864548059656
2014,lightgbm,0.02308678245900072,0.025,51.82040428020899
2014,lightgbm,0.024429917694969782,0.03,61.995926663593714
2014,lightgbm,0.025681502224601298,0.035,72.52579092519052
2014,lightgbm,0.02685325832345539,0.04,83.25448811096851
2014,lightgbm,0.02778968163152662,0.045,94.09375022831335
2014,lightgbm,0.02873443638175863,0.05,103.49649254503615
2014,lightgbm,0.02959537730510697,0.055,113.84384810274439
2014,lightgbm,0.03047454313697989,0.06,124.62286207734377
2014,lightgbm,0.031277725370782286,0.065,134.185847343325
2014,lightgbm,0.03211105127719275,0.07,143.615098737104
2014,lightgbm,0.03284270991530819,0.075,154.3653017013014
2014,lightgbm,0.03357327051825203,0.08,164.8346219174115
2014,lightgbm,0.034255090651245726,0.085,175.56728830103796
2014,lightgbm,0.03491854132481525,0.09,185.35697828789722
2014,lightgbm,0.03555563885082461,0.095,194.951065377556
2014,lightgbm,0.036172877482687195,0.1,204.52184146284986
2014,lightgbm,0.03677231927546358,0.105,213.377787463711
2014,lightgbm,0.03734123672798907,0.11,222.72751759207011
2014,lightgbm,0.037876432874614306,0.115,232.49133916534154
2014,lightgbm,0.03845144485916797,0.12,239.69415415400104
2014,lightgbm,0.03901818973261775,0.125,247.38979821812563
2014,lightgbm,0.039533124921401444,0.13,254.99632485163227
2014,lightgbm,0.04003295385770694,0.135,263.3372314347085
2014,lightgbm,0.0405411804908276,0.14,272.8397357353274
2014,lightgbm,0.04102425973535469,0.145,282.17846442939685
2014,lightgbm,0.04150696565377557,0.15,289.33552636742456
2014,lightgbm,0.04197474476919451,0.155,298.30071500189456
2014,lightgbm,0.04242753043765836,0.16,307.2867141985521
2014,lightgbm,0.04286553679562822,0.165,314.79835271271753
2014,lightgbm,0.04335710145034254,0.17,323.1217895940885
2014,lightgbm,0.04383103324714718,0.175,332.57659306206534
2014,lightgbm,0.044313056542199636,0.18,340.7218582289603
2014,lightgbm,0.04481093376462408,0.185,348.1264589784076
2014,lightgbm,0.04527705566961929,0.19,355.72842460339854
2014,lightgbm,0.04569925142443442,0.195,364.25743496857285
2014,lightgbm,0.0461238109049642,0.2,373.15770287570484
2014,lightgbm,0.04657225222692164,0.205,382.720405084774
2014,lightgbm,0.047028434750996835,0.21,391.0839314331491
2014,lightgbm,0.04747151024235318,0.215,396.9526533148541
2014,lightgbm,0.04788368514332708,0.22,404.6318294854349
2014,lightgbm,0.04829675711392234,0.225,412.969037374922
2014,lightgbm,0.04873068532246745,0.23,421.37211253862773
2014,lightgbm,0.04917070593670296,0.235,429.19275058490246
2014,lightgbm,0.04960584328266432,0.24,437.4833367366287
2014,lightgbm,0.050009166947838926,0.245,445.24806070592433
2014,lightgbm,0.050421349730785665,0.25,453.6342093279091
2014,lightgbm,0.05084009810987406,0.255,460.5385285126157
2014,lightgbm,0.05124262896147923,0.26,468.3544416329646
2014,lightgbm,0.051662552252264175,0.265,476.254729196401
2014,lightgbm,0.052069827834292676,0.27,483.43861453637965
2014,lightgbm,0.05248608529037147,0.275,490.81626127633564
2014,lightgbm,0.05290153346206192,0.28,498.43289859898545
2014,lightgbm,0.05330264828721543,0.285,506.50308735678846
2014,lightgbm,0.05371192474254628,0.29,514.0551320956483
2014,lightgbm,0.05410128880393944,0.295,520.5427717964186
2014,lightgbm,0.05452925064250351,0.3,528.8047821487315
2014,lightgbm,0.05494263460305722,0.305,537.1533834254277
2014,lightgbm,0.055330605077796545,0.31,544.2704006077258
2014,lightgbm,0.05574637426633131,0.315,552.3210036851763
2014,lightgbm,0.05614813899113522,0.32,561.1734235727062
2014,lightgbm,0.056584418817438704,0.325,568.2982384751292
2014,lightgbm,0.056970690046691044,0.33,576.0149757978028
2014,lightgbm,0.05737178601123771,0.335,584.025976982679
2014,lightgbm,0.05775870430527657,0.34,591.6205091565212
2014,lightgbm,0.0581792079598929,0.345,598.7951727867668
2014,lightgbm,0.0585641872281991,0.35,606.8914412202746
2014,lightgbm,0.05895709212857047,0.355,613.587748878003
2014,lightgbm,0.059374388787145134,0.36,622.2181599791764
2014,lightgbm,0.059784957875773766,0.365,629.8378585369256
2014,lightgbm,0.06022106340580252,0.37,637.5544803937187
2014,lightgbm,0.06061763116578574,0.375,644.5016964845081
2014,lightgbm,0.06103641751050055,0.38,652.7828395978332
2014,lightgbm,0.061451707767742135,0.385,659.7744303271346
2014,lightgbm,0.06187416129680496,0.39,667.5522766230796
2014,lightgbm,0.06233544921374183,0.395,675.7464596204527
2014,lightgbm,0.06273874166149296,0.4,682.7181185360615
2014,lightgbm,0.06316737260789397,0.405,691.3202305514061
2014,lightgbm,0.06357085644778308,0.41,698.0456024973117
2014,lightgbm,0.06400949181395832,0.415,706.5566777043357
2014,lightgbm,0.06444291282245738,0.42,714.1178177439201
2014,lightgbm,0.06490348664452864,0.425,720.4667203219733
2014,lightgbm,0.06528296592523816,0.43,727.7922816478932
2014,lightgbm,0.06571633439363589,0.435,734.9951837047893
2014,lightgbm,0.06616348605708283,0.44,743.6087478534531
2014,lightgbm,0.06659264284854811,0.445,750.7484949823059
2014,lightgbm,0.06702326839374081,0.45,758.1264210404013
2014,lightgbm,0.0674371062233682,0.455,765.4728021577254
2014,lightgbm,0.0678650506077618,0.46,772.3723230573459
2014,lightgbm,0.06826917180222145,0.465,778.1598188903612
2014,lightgbm,0.06870019766549289,0.47,785.9594924221609
2014,lightgbm,0.0691367779683412,0.475,793.4567426590911
2014,lightgbm,0.06956146029122158,0.48,801.3074408566841
2014,lightgbm,0.06999035503728238,0.485,807.344400425535
2014,lightgbm,0.07042969760787711,0.49,812.9677413339116
2014,lightgbm,0.07085057182594294,0.495,820.1957695210932
2014,lightgbm,0.07127918737629588,0.5,826.3392591441659
2014,lightgbm,0.0717357040837716,0.505,832.7027344460538
2014,lightgbm,0.0721722500427261,0.51,837.6158444835834
2014,lightgbm,0.07262329651921781,0.515,845.0552772603751
2014,lightgbm,0.07308632746625712,0.52,851.1910183507623
2014,lightgbm,0.07353075949067733,0.525,858.5968575571221
2014,lightgbm,0.07402941933067408,0.53,864.6978804269186
2014,lightgbm,0.07453092297780003,0.535,869.3730371875249
2014,lightgbm,0.07500894643506748,0.54,875.7096131355942
2014,lightgbm,0.07548865840342789,0.545,882.3114247349893
2014,lightgbm,0.0760041958990986,0.55,888.2549683169123
2014,lightgbm,0.0765159878912552,0.555,895.3021579765058
2014,lightgbm,0.07701505735874037,0.56,900.445012915914
2014,lightgbm,0.07751225194016202,0.565,906.5321973686358
2014,lightgbm,0.07801020046058624,0.57,914.1503680729336
2014,lightgbm,0.07847371292330434,0.575,920.8910450897291
2014,lightgbm,0.07894491200117316,0.58,927.1493534087061
2014,lightgbm,0.07942890424210841,0.585,932.5655046144989
2014,lightgbm,0.07998468082620562,0.59,939.4866890761432
2014,lightgbm,0.0805388461286529,0.595,946.1193169066041
2014,lightgbm,0.0810705396413565,0.6,950.9973284444836
2014,lightgbm,0.0816252664441306,0.605,958.0464505882156
2014,lightgbm,0.08215172839330659,0.61,963.9185495654045
2014,lightgbm,0.08271280728100668,0.615,970.6108103010164
2014,lightgbm,0.08322090855117109,0.62,975.5606560785085
2014,lightgbm,0.0837637215170707,0.625,981.74013939515
2014,lightgbm,0.08428980071979128,0.63,989.486757815255
2014,lightgbm,0.08484328560504291,0.635,995.0774634324248
2014,lightgbm,0.08545401876689175,0.64,1001.4841381433703
2014,lightgbm,0.08601754539415937,0.645,1008.3161960258786
2014,lightgbm,0.08657607192186867,0.65,1013.7207148776745
2014,lightgbm,0.08717463471509833,0.655,1018.8505702791251
2014,lightgbm,0.08781929248046418,0.66,1024.666718388331
2014,lightgbm,0.08839731510417739,0.665,1029.1520121388978
2014,lightgbm,0.08900573465669134,0.67,1034.8118076419119
2014,lightgbm,0.08960547668148931,0.675,1041.1425347431434
2014,lightgbm,0.09020563941164542,0.68,1048.657104890267
2014,lightgbm,0.09089347322734528,0.685,1056.1259684223116
2014,lightgbm,0.09152392038426674,0.69,1061.9161451721232
2014,lightgbm,0.0921665516260688,0.695,1066.45382346666
2014,lightgbm,0.09282691260416134,0.7,1072.0792175223185
2014,lightgbm,0.0934796562832952,0.705,1077.2923366382604
2014,lightgbm,0.09416240490124092,0.71,1083.5206033894665
2014,lightgbm,0.09483233931799626,0.715,1091.173290353269
2014,lightgbm,0.09554806166923503,0.72,1098.8825435995902
2014,lightgbm,0.09629229541834793,0.725,1104.9604221276536
2014,lightgbm,0.09704198294674896,0.73,1110.5063490486532
2014,lightgbm,0.09783985246590518,0.735,1117.8791992329832
2014,lightgbm,0.09862119955435662,0.74,1123.065170516285
2014,lightgbm,0.0992703887538474,0.745,1128.150692344274
2014,lightgbm,0.1000127095281785,0.75,1133.4902100695754
2014,lightgbm,0.10086165157092261,0.755,1138.7581554566461
2014,lightgbm,0.10171249138755742,0.76,1144.6181730006952
2014,lightgbm,0.10253297091717042,0.765,1150.6464859022717
2014,lightgbm,0.103458799701295,0.77,1154.7920792474567
2014,lightgbm,0.10432759892090643,0.775,1160.7272808202358
2014,lightgbm,0.10523617993432023,0.78,1165.2567841784164
2014,lightgbm,0.1060411640171199,0.785,1169.653422832012
2014,lightgbm,0.10694528014841306,0.79,1175.792292527215
2014,lightgbm,0.10786653089625908,0.795,1180.1975404359293
2014,lightgbm,0.10882751889328826,0.8,1186.1553409908763
2014,lightgbm,0.10984238479261596,0.805,1193.2251419757686
2014,lightgbm,0.11090331993410803,0.81,1199.4758043376867
2014,lightgbm,0.11191342042343268,0.815,1204.818604453515
2014,lightgbm,0.11300295866607302,0.82,1210.7538463502524
2014,lightgbm,0.11412576372919354,0.825,1216.9343796126734
2014,lightgbm,0.115265429577995,0.83,1222.483023294563
2014,lightgbm,0.11641546485944827,0.835,1227.234899922775
2014,lightgbm,0.11760455891403322,0.84,1232.944104257041
2014,lightgbm,0.11883549576494974,0.845,1237.301217889444
2014,lightgbm,0.12021529054622239,0.85,1242.0154046710911
2014,lightgbm,0.12159243745971195,0.855,1245.082896127323
2014,lightgbm,0.12283250544888319,0.86,1251.5730455046669
2014,lightgbm,0.12439636857129756,0.865,1256.4468409872466
2014,lightgbm,0.12577438543599734,0.87,1261.176848261035
2014,lightgbm,0.1272471387122122,0.875,1265.970076730942
2014,lightgbm,0.12868003231183173,0.88,1268.767822571569
2014,lightgbm,0.13031979328556562,0.885,1274.723613717692
2014,lightgbm,0.13218482456519323,0.89,1279.9991566791405
2014,lightgbm,0.13390069834515766,0.895,1285.414103813624
2014,lightgbm,0.13588050063434196,0.9,1290.513810995301
2014,lightgbm,0.13791129484657066,0.905,1295.2485359595644
2014,lightgbm,0.14027807594640296,0.91,1298.8773210181748
2014,lightgbm,0.1424166558112591,0.915,1303.7791639249917
2014,lightgbm,0.14486575579500888,0.92,1309.0918707632325
2014,lightgbm,0.1473465112265452,0.925,1313.616897170127
2014,lightgbm,0.14980803095254672,0.93,1318.7781806398004
2014,lightgbm,0.1528175671548114,0.935,1324.6752146730494
2014,lightgbm,0.15590003919133313,0.94,1329.455664760426
2014,lightgbm,0.15981540944089026,0.945,1334.2832320832292
2014,lightgbm,0.1634866216051177,0.95,1339.8844582811626
2014,lightgbm,0.16765832077009257,0.955,1345.7067905769634
2014,lightgbm,0.1725763574710513,0.96,1349.8988262217802
2014,lightgbm,0.17812203941533053,0.965,1355.4170573667504
2014,lightgbm,0.18454171042024925,0.97,1359.5739585804592
2014,lightgbm,0.19232851682037733,0.975,1365.0206955660399
2014,lightgbm,0.20164828344643554,0.98,1366.5648503776804
2014,lightgbm,0.21619160652448197,0.985,1371.6098507505203
2014,lightgbm,0.23484283948154897,0.99,1376.0289177005782
2014,lightgbm,0.26811964766060986,0.995,1381.4145522124275
2014,lightgbm,0.6499098987762163,1.0,1386.4114745933953
2015,logistic_woe,0.00801127038618654,0.0,0.0
2015,logistic_woe,0.016970857434288878,0.005,10.1026044091145
2015,logistic_woe,0.020383837443476962,0.01,20.538354720113887
2015,logistic_woe,0.023128949657266175,0.015,31.28147443990781
2015,logistic_woe,0.025403639772630243,0.02,40.546713779022305
2015,logistic_woe,0.027261080356445897,0.025,49.6291790280348
2015,logistic_woe,0.028894767481821484,0.03,59.0607988905071
2015,logistic_woe,0.0303683083263647,0.035,69.4851860650386
2015,logistic_woe,0.031659234477292894,0.04,79.50057502669188
2015,logistic_woe,0.03300214907537649,0.045,88.24767255162881
2015,logistic_woe,0.03408168774839895,0.05,97.2946134274081
2015,logistic_woe,0.0351950039385333,0.055,105.52103901828187
2015,logistic_woe,0.03612273713073612,0.06,114.74341895453324
2015,logistic_woe,0.03705126812001003,0.065,122.99441353566095
2015,logistic_woe,0.03796907381297947,0.07,133.0288967719212
2015,logistic_woe,0.03878228029235037,0.075,141.83894147649116
2015,logistic_woe,0.039611212616388336,0.08,149.9496627976658
2015,logistic_woe,0.04038725045010661,0.085,159.3885066711758
2015,logistic_woe,0.04114901245806761,0.09,168.25859261259995
2015,logistic_woe,0.04187363171518687,0.095,178.0305546455646
2015,logistic_woe,0.04261833143458064,0.1,186.56640931056504
2015,logistic_woe,0.04332811737719488,0.105,194.50509449611448
2015,logistic_woe,0.044010018148900786,0.11,203.32678231938553
2015,logistic_woe,0.04467823274498203,0.115,212.99693046348045
2015,logistic_woe,0.04533931155570538,0.12,220.84284858344537
2015,logistic_woe,0.0459409808196069,0.125,228.32004371677962
2015,logistic_woe,0.04658500380486155,0.13,237.5227303100971
2015,logistic_woe,0.047190131680965655,0.135,245.52375109575956
2015,logistic_woe,0.04777206822585139,0.14,254.95946904452254
2015,logistic_woe,0.048367195959759,0.145,263.5457283284031
2015,logistic_woe,0.04893778456270477,0.15,271.68102268214847
2015,logistic_woe,0.04950189915416215,0.155,279.4913948720795
2015,logistic_woe,0.05005241992604832,0.16,288.16868741947985
2015,logistic_woe,0.05060406241250787,0.165,296.02791504607063
2015,logistic_woe,0.0511351444217476,0.17,304.08887824209614
2015,logistic_woe,0.051670455238605875,0.175,311.6580787471916
2015,logistic_woe,0.052181700045495515,0.18,319.753141402142
2015,logistic_woe,0.05272913907025797,0.185,328.29886550773335
2015,logistic_woe,0.05320597718151965,0.19,336.1848434754796
2015,logistic_woe,0.05375230811364618,0.195,343.64938468964726
2015,logistic_woe,0.054296463190322886,0.2,351.57785455520855
2015,logistic_woe,0.05480913304655153,0.205,360.3048167010284
2015,logistic_woe,0.05534946816823397,0.21,367.78840300902806
2015,logistic_woe,0.05583763182037181,0.215,374.5680681133856
2015,logistic_woe,0.05633308186717205,0.22,382.05335217353945
2015,logistic_woe,0.05684273492140092,0.225,389.46391359835997
2015,logistic_woe,0.05733513637308584,0.23,397.5852339501108
2015,logistic_woe,0.05783303480789406,0.235,405.696460797745
2015,logistic_woe,0.058291335858850414,0.24,414.0660700645474
2015,logistic_woe,0.058776454637774735,0.245,421.8065514302823
2015,logistic_woe,0.05920876457855818,0.25,429.88340344544196
2015,logistic_woe,0.059680896022586485,0.255,438.4307202673708
2015,logistic_woe,0.060177203468170806,0.26,445.6674708952704
2015,logistic_woe,0.06062029361895268,0.265,452.8846207389169
2015,logistic_woe,0.0611077334832749,0.27,460.9599339145585
2015,logistic_woe,0.061581841790105084,0.275,468.1992096642361
2015,logistic_woe,0.06203253789050798,0.28,474.34019617024387
2015,logistic_woe,0.06252894127855911,0.285,482.8846074610305
2015,logistic_woe,0.06298315168255594,0.29,490.4570595913638
2015,logistic_woe,0.06346563123381671,0.295,499.2461417256178
2015,logistic_woe,0.06391641059995772,0.3,505.3490487997836
2015,logistic_woe,0.06435816017902987,0.305,511.80024591293
2015,logistic_woe,0.06479020165652694,0.31,520.3024636673493
2015,logistic_woe,0.0652399171050073,0.315,528.1637068076978
2015,logistic_woe,0.06566712691445677,0.32,534.6536374283522
2015,logistic_woe,0.06614950132799645,0.325,541.9285547621495
2015,logistic_woe,0.06662551110818818,0.33,549.693598368359
2015,logistic_woe,0.06706636094263792,0.335,557.4042748372866
2015,logistic_woe,0.06753865075834016,0.34,565.5789614480386
2015,logistic_woe,0.06801442941727871,0.345,572.8827042216803
2015,logistic_woe,0.06851787719873664,0.35,579.1678633400378
2015,logistic_woe,0.06899774545449175,0.355,587.3235060200511
2015,logistic_woe,0.06943617636997221,0.36,595.6257259035688
2015,logistic_woe,0.06989793838585437,0.365,603.1065144666453
2015,logistic_woe,0.07035661920289571,0.37,608.190192246162
2015,logistic_woe,0.07078803183479718,0.375,614.1106976460186
2015,logistic_woe,0.07124836291329822,0.38,621.1042017169395
2015,logistic_woe,0.07171460687799124,0.385,627.9681021020895
2015,logistic_woe,0.07221658805480513,0.39,634.0434159188474
2015,logistic_woe,0.07266394984694748,0.395,642.2726714117845
2015,logistic_woe,0.07313011682876293,0.4,648.5652959459462
2015,logistic_woe,0.0735632614717944,0.405,654.0900363804406
2015,logistic_woe,0.07402074972919255,0.41,662.0320308238496
2015,logistic_woe,0.07447541026427613,0.415,669.2103594965077
2015,logistic_woe,0.07494455011802591,0.42,677.3481577121083
2015,logistic_woe,0.07543111547133345,0.425,685.2712060303265
2015,logistic_woe,0.07590695763098397,0.43,691.2993383373446
2015,logistic_woe,0.07637382254752387,0.435,698.1620214707152
2015,logistic_woe,0.07682567189933907,0.44,704.6150697100867
2015,logistic_woe,0.07731208304317948,0.445,712.9476221089471
2015,logistic_woe,0.07778342263746127,0.45,720.6742621065678
2015,logistic_woe,0.07827184418370117,0.455,726.7236338263045
2015,logistic_woe,0.07875577838525459,0.46,734.1984495492993
2015,logistic_woe,0.07921625730697145,0.465,741.7718721117164
2015,logistic_woe,0.07966364792105443,0.47,747.7077098236771
2015,logistic_woe,0.08014185086189388,0.475,755.50120552257
2015,logistic_woe,0.08064646499162417,0.48,761.9327433370813
2015,logistic_woe,0.08113764138050153,0.485,770.0094981833935
2015,logistic_woe,0.08161881731591435,0.49,776.7933834423715
2015,logistic_woe,0.0820795518254752,0.495,782.7191288392213
2015,logistic_woe,0.08255659688195595,0.5,787.8879421789186
2015,logistic_woe,0.08309268060956577,0.505,794.1081028182766
2015,logistic_woe,0.08359589671556719,0.51,802.1146110129017
2015,logistic_woe,0.08411838954709826,0.515,810.3442594367611
2015,logistic_woe,0.08462934191627737,0.52,816.9585528229791
2015,logistic_woe,0.08515634567321316,0.525,823.5381010990593
2015,logistic_woe,0.08564000112614692,0.53,830.3672678680193
2015,logistic_woe,0.08617169968697622,0.535,837.6935534600613
2015,logistic_woe,0.08665329268503602,0.54,844.0365673959277
2015,logistic_woe,0.08718920784432595,0.545,849.4646945326219
2015,logistic_woe,0.08769947813405579,0.55,856.3301842077651
2015,logistic_woe,0.08820551972168893,0.555,863.2188793643073
2015,logistic_woe,0.08870815737754004,0.56,869.7910457739308
2015,logistic_woe,0.0892319411072836,0.565,877.2130708363838
2015,logistic_woe,0.08974753520964876,0.57,883.8307836187762
2015,logistic_woe,0.09030530468280205,0.575,889.7189669440137
2015,logistic_woe,0.09086542241298791,0.58,895.9580300989282
2015,logistic_woe,0.09143326311661065,0.585,902.0597648058337
2015,logistic_woe,0.09200857696955746,0.59,908.6793694122873
2015,logistic_woe,0.09255246325135036,0.595,913.7246265388541
2015,logistic_woe,0.09314128102418753,0.6,919.2407649744088
2015,logistic_woe,0.09369075628501676,0.605,923.6907649644139
2015,logistic_woe,0.09420811902152117,0.61,929.1397647328423
2015,logistic_woe,0.09478417111584184,0.615,934.9856035034368
2015,logistic_woe,0.09538370022002708,0.62,939.9450852162962
2015,logistic_woe,0.09599815533087676,0.625,945.9048434413795
2015,logistic_woe,0.09658471595104845,0.63,952.0865279947496
2015,logistic_woe,0.09717624687509979,0.635,957.7585538339927
2015,logistic_woe,0.09777685989591303,0.64,963.0744023871862
2015,logistic_woe,0.098387167815073,0.645,967.915233527337
2015,logistic_woe,0.0989759983700415,0.65,973.8057581266921
2015,logistic_woe,0.0995128656022024,0.655,979.2266006139013
2015,logistic_woe,0.10013819576991613,0.66,985.3670016577502
2015,logistic_woe,0.10074793754398426,0.665,990.2456357700984
2015,logistic_woe,0.1013872281465081,0.67,995.50018544555
2015,logistic_woe,0.10197921348774157,0.675,1000.800280931106
2015,logistic_woe,0.10259576911905197,0.68,1005.6974667414744
2015,logistic_woe,0.10325424926630912,0.685,1010.6789265796467
2015,logistic_woe,0.10389659343103846,0.69,1015.8288039414003
2015,logistic_woe,0.10456766653752883,0.695,1020.9804445356527
2015,logistic_woe,0.10522938364539718,0.7,1027.3731684694103
2015,logistic_woe,0.10593184829903936,0.705,1033.4622402219081
2015,logistic_woe,0.10666902738269242,0.71,1040.0243648098349
2015,logistic_woe,0.10743611834828724,0.715,1045.8230253667314
2015,logistic_woe,0.10810021619599942,0.72,1050.8240230067577
2015,logistic_woe,0.10884549625123341,0.725,1054.7571094840985
2015,logistic_woe,0.10954375248512599,0.73,1059.8015824508884
2015,logistic_woe,0.11026173781511682,0.735,1065.2202300446943
2015,logistic_woe,0.11107862077136746,0.74,1068.4749875640348
2015,logistic_woe,0.11181617116493572,0.745,1073.8034637406088
2015,logistic_woe,0.11258212376542553,0.75,1078.0326424139346
2015,logistic_woe,0.1133567705994465,0.755,1083.6379517726841
2015,logistic_woe,0.11414655012355082,0.76,1088.221752675152
2015,logistic_woe,0.11501449089534835,0.765,1092.7439917175823
2015,logistic_woe,0.11582660462991255,0.77,1097.1844464852013
2015,logistic_woe,0.11667965744315101,0.775,1100.701845575583
2015,logistic_woe,0.11762058386676076,0.78,1103.949796164317
2015,logistic_woe,0.1184758635432637,0.785,1108.9799502773237
2015,logistic_woe,0.11940319518803459,0.79,1114.6775018453739
2015,logistic_woe,0.12035003778821869,0.795,1120.1276572594927
2015,logistic_woe,0.12128276509102379,0.8,1126.054865331509
2015,logistic_woe,0.12223557647101757,0.805,1131.1275617395045
2015,logistic_woe,0.12323085580684986,0.81,1135.0488524962595
2015,logistic_woe,0.12420663523926331,0.815,1138.5348404635683
2015,logistic_woe,0.1252270486002307,0.82,1144.152548540274
2015,logistic_woe,0.12617538645210666,0.825,1148.4074404103803
2015,logistic_woe,0.12722669614429466,0.83,1152.2021198749237
2015,logistic_woe,0.1282840555331893,0.835,1158.2432537617856
2015,logistic_woe,0.12931434998852792,0.84,1163.0706911137493
2015,logistic_woe,0.1304822335664381,0.845,1166.6620150994265
2015,logistic_woe,0.1317793822287825,0.85,1171.4670771810822
2015,logistic_woe,0.13297561386124626,0.855,1174.8931839702377
2015,logistic_woe,0.13418877642499913,0.86,1178.814379498606
2015,logistic_woe,0.13548059488303332,0.865,1182.8587634159653
2015,logistic_woe,0.13682951066131685,0.87,1189.443896393495
2015,logistic_woe,0.13817659347664343,0.875,1193.7290475604525
2015,logistic_woe,0.13967518508792304,0.88,1198.1773290344167
2015,logistic_woe,0.1409715433328305,0.885,1201.4515040048964
2015,logistic_woe,0.14251033897667764,0.89,1205.0340329799108
2015,logistic_woe,0.14402056598600174,0.895,1208.395901293673
2015,logistic_woe,0.14575592094144033,0.9,1213.8108476270932
2015,logistic_woe,0.14753167701376255,0.905,1215.170254886805
2015,logistic_woe,0.14923292301190083,0.91,1216.9892923652362
2015,logistic_woe,0.15137318717031653,0.915,1218.8168926358385
2015,logistic_woe,0.1534188199578513,0.92,1222.5756632961975
2015,logistic_woe,0.1554472012375401,0.925,1223.8563405383832
2015,logistic_woe,0.15758324574772556,0.93,1223.5206032384756
2015,logistic_woe,0.1601613899828819,0.935,1226.59969692012
2015,logistic_woe,0.16277223080011763,0.94,1226.5030907052326
2015,logistic_woe,0.16533949763796987,0.945,1225.647191115554
2015,logistic_woe,0.16838499793039888,0.95,1226.667305107398
2015,logistic_woe,0.17184851575894922,0.955,1227.414613281329
2015,logistic_woe,0.1755741211011382,0.96,1227.507411337243
2015,logistic_woe,0.1795424587245249,0.965,1225.413151944637
2015,logistic_woe,0.18429101048653965,0.97,1227.5368778565814
2015,logistic_woe,0.190387681723404,0.975,1228.3636156515884
2015,logistic_woe,0.19697609729316445,0.98,1229.0616568262658
2015,logistic_woe,0.20640146427587153,0.985,1226.2961239346946
2015,logistic_woe,0.21968643056395684,0.99,1225.4498001150248
2015,logistic_woe,0.24151168430047143,0.995,1223.8985843886583
2015,logistic_woe,0.3879126661738617,1.0,1220.6016275085576
2015,lightgbm,0.00804439378368535,0.0,0.0
2015,lightgbm,0.01888763170784707,0.005,10.317842404353078
2015,lightgbm,0.02198557539596231,0.01,22.099257251337942
2015,lightgbm,0.024221365294807656,0.015,34.52525872568522
2015,lightgbm,0.02598398953116964,0.02,44.740445546495614
2015,lightgbm,0.0274393489998934,0.025,56.97728478114636
2015,lightgbm,0.02878472084217385,0.03,68.64627414418767
2015,lightgbm,0.029938263983669965,0.035,80.3681544956934
2015,lightgbm,0.03100711675733973,0.04,91.96531319131475
2015,lightgbm,0.032057616845044795,0.045,104.4539756848303
2015,lightgbm,0.0330177769200211,0.05,114.58093078430171
2015,lightgbm,0.03399230232643667,0.055,123.76915728041435
2015,lightgbm,0.034817228844567984,0.06,133.52437086160361
2015,lightgbm,0.035682902177452215,0.065,143.4972955975376
2015,lightgbm,0.036415956518352506,0.07,152.47188960431077
2015,lightgbm,0.037179227564588226,0.075,161.45715449790706
2015,lightgbm,0.03790962851551472,0.08,171.6782552823852
2015,lightgbm,0.03866638415151786,0.085,180.48894694414307
2015,lightgbm,0.03941438314625449,0.09,190.6053423160506
2015,lightgbm,0.04015072408601131,0.095,200.2265938607091
2015,lightgbm,0.04081514335692193,0.1,210.42501628998954
2015,lightgbm,0.041494059901116855,0.105,219.1946106234717
2015,lightgbm,0.04212198040423461,0.11,228.74636342049246
2015,lightgbm,0.042749557192374166,0.115,238.56683628042134
2015,lightgbm,0.04333752863981249,0.12,248.51651641555034
2015,lightgbm,0.04389113392784449,0.125,258.1428150261769
2015,lightgbm,0.04444622992882986,0.13,266.73836207168426
2015,lightgbm,0.04500258028836588,0.135,277.7859323857519
2015,lightgbm,0.045580255583026544,0.14,286.54973701459795
2015,lightgbm,0.04614605843904531,0.145,295.03270063486366
2015,lightgbm,0.04671877427866905,0.15,303.98149518655924
2015,lightgbm,0.04724141112436676,0.155,313.4485506830524
2015,lightgbm,0.04778894000234855,0.16,322.2594702018943
2015,lightgbm,0.04831165466138319,0.165,329.9868317152325
2015,lightgbm,0.048846451907323674,0.17,338.3986174362848
2015,lightgbm,0.04939163961305429,0.175,346.7546068850038
2015,lightgbm,0.049959934672142416,0.18,355.05576818728537
2015,lightgbm,0.050469521294130855,0.185,365.2380317255351
2015,lightgbm,0.05100043748691803,0.19,373.02261167362553
2015,lightgbm,0.051539187706269196,0.195,381.177839822976
2015,lightgbm,0.052024004445620706,0.2,388.6036299070613
2015,lightgbm,0.05252274943143324,0.205,398.33372621626586
2015,lightgbm,0.05298327758719652,0.21,405.59330965952796
2015,lightgbm,0.053454695036970166,0.215,412.96402987331703
2015,lightgbm,0.05395966274339717,0.22,423.18504317422094
2015,lightgbm,0.05442732524595169,0.225,431.7530485862534
2015,lightgbm,0.05488481073369164,0.23,440.30321049632965
2015,lightgbm,0.055384452606969226,0.235,448.74457142473534
2015,lightgbm,0.05587003321202678,0.24,456.7354704803974
2015,lightgbm,0.05634883321596229,0.245,465.69362672072845
2015,lightgbm,0.05682805299713137,0.25,474.42260769856006
2015,lightgbm,0.057270343194253774,0.255,483.1475435696164
2015,lightgbm,0.057710676391809296,0.26,492.9025475611452
2015,lightgbm,0.05818461110246666,0.265,500.87155854853154
2015,lightgbm,0.05860861086129869,0.27,508.4298277927603
2015,lightgbm,0.05907917309665615,0.275,516.0259863874204
2015,lightgbm,0.05953593837342285,0.28,522.205919533179
2015,lightgbm,0.06001251140632052,0.285,531.4227221100388
2015,lightgbm,0.060473878392983814,0.29,539.9353683255698
2015,lightgbm,0.060930202290899835,0.295,548.9502091572485
2015,lightgbm,0.06138662434383568,0.3,555.0583220486244
2015,lightgbm,0.06187373700113011,0.305,563.4136300464622
2015,lightgbm,0.06234710921095067,0.31,569.4711377837856
2015,lightgbm,0.06280051075419626,0.315,576.9990627285069
2015,lightgbm,0.06325051400126183,0.32,584.0898097575995
2015,lightgbm,0.06375440575790366,0.325,591.0707138683574
2015,lightgbm,0.06419754030138942,0.33,595.6794573792068
2015,lightgbm,0.06466633913066115,0.335,603.624302806177
2015,lightgbm,0.06512368641013205,0.34,611.0713271693871
2015,lightgbm,0.06557313521688439,0.345,618.408553364781
2015,lightgbm,0.06600070950992006,0.35,627.3037412699516
2015,lightgbm,0.06646646015422726,0.355,635.3252916183236
2015,lightgbm,0.06689848275766837,0.36,642.0621766158486
2015,lightgbm,0.06736632402505455,0.365,647.5271025296901
2015,lightgbm,0.06784644658010727,0.37,652.5054699588055
2015,lightgbm,0.06828323600068498,0.375,658.4608971343151
2015,lightgbm,0.0687263126344297,0.38,663.8263560593327
2015,lightgbm,0.06919066871534553,0.385,671.199343055346
2015,lightgbm,0.06963558930660668,0.39,677.1652296408604
2015,lightgbm,0.07010284839832812,0.395,683.3219697068419
2015,lightgbm,0.07058814199024455,0.4,689.8074167411853
2015,lightgbm,0.07102026081427906,0.405,695.1236906704431
2015,lightgbm,0.07148265500850182,0.41,703.2164754764026
2015,lightgbm,0.07191950249503154,0.415,707.6749970750733
2015,lightgbm,0.07236664928216449,0.42,713.9688680101124
2015,lightgbm,0.07282318480452081,0.425,719.2871034371238
2015,lightgbm,0.07328274209036006,0.43,726.418928686031
2015,lightgbm,0.07373835784517141,0.435,733.2911280489026
2015,lightgbm,0.07420614966469814,0.44,738.6734373201991
2015,lightgbm,0.07465648149708906,0.445,745.3253830667902
2015,lightgbm,0.07511907838120957,0.45,751.2283759615542
2015,lightgbm,0.07557171214551556,0.455,758.358064949897
2015,lightgbm,0.0760285420141191,0.46,763.6505536696188
2015,lightgbm,0.07650446071941479,0.465,769.4258723946789
2015,lightgbm,0.07697418042070481,0.47,775.3257709502886
2015,lightgbm,0.07742198276256793,0.475,781.4799740592404
2015,lightgbm,0.07789632376069175,0.48,787.2126320020586
2015,lightgbm,0.07841359436903071,0.485,794.4921576239258
2015,lightgbm,0.07890242390279527,0.49,801.6752404641536
2015,lightgbm,0.07939738035316184,0.495,806.7601398724025
2015,lightgbm,0.0798385932083035,0.5,813.8647046864689
2015,lightgbm,0.08034107026296895,0.505,819.0991639820807
2015,lightgbm,0.08081330343351241,0.51,824.6229638731985
2015,lightgbm,0.08133136251008824,0.515,830.6029000883007
2015,lightgbm,0.08186455226146223,0.52,836.6244812167412
2015,lightgbm,0.08233308535381188,0.525,843.0576605559714
2015,lightgbm,0.08286544343330884,0.53,848.9595761178875
2015,lightgbm,0.0834107482858676,0.535,856.5174677305487
2015,lightgbm,0.08393960003175749,0.54,863.1147720849788
2015,lightgbm,0.08444537953943695,0.545,866.396974319187
2015,lightgbm,0.08497764133088329,0.55,871.5986969887878
2015,lightgbm,0.08546578325166067,0.555,877.6139684122644
2015,lightgbm,0.08598938047165125,0.56,881.9200176812557
2015,lightgbm,0.08649736921833893,0.565,887.8107103928508
2015,lightgbm,0.0870252073535213,0.57,892.1924625589002
2015,lightgbm,0.0875714429197118,0.575,898.8001420484413
2015,lightgbm,0.08809746620880106,0.58,903.7779809032285
2015,lightgbm,0.08866307834012824,0.585,910.7159082321766
2015,lightgbm,0.08921134513889116,0.59,916.0923048146881
2015,lightgbm,0.0897905455516902,0.595,922.2526319759647
2015,lightgbm,0.09037868657052874,0.6,928.2640953686004
2015,lightgbm,0.09096134401267357,0.605,933.6434587847962
2015,lightgbm,0.09152082976331867,0.61,936.811976668896
2015,lightgbm,0.0921006103037284,0.615,943.3898463923417
2015,lightgbm,0.09268643286461459,0.62,948.8461313403499
2015,lightgbm,0.09323484099745102,0.625,954.1304446484081
2015,lightgbm,0.09384330200472331,0.63,959.7800035507828
2015,lightgbm,0.0944367959011088,0.635,965.9465661346463
2015,lightgbm,0.09501826353623427,0.64,970.158041139069
2015,lightgbm,0.09569191682744817,0.645,975.5652651067744
2015,lightgbm,0.0963464798737342,0.65,980.303539005689
2015,lightgbm,0.09698557066167815,0.655,986.6550767446246
2015,lightgbm,0.09757630580433535,0.66,992.3420066081093
2015,lightgbm,0.0982252880693183,0.665,998.0556505037165
2015,lightgbm,0.09883946824355254,0.67,1004.7310460001489
2015,lightgbm,0.0994477003532915,0.675,1009.3136221784766
2015,lightgbm,0.1001644960612309,0.68,1013.7675405641855
2015,lightgbm,0.1007354856751616,0.685,1020.0048571585639
2015,lightgbm,0.10141477063927105,0.69,1025.5046415621125
2015,lightgbm,0.10205012671165956,0.695,1030.975093697079
2015,lightgbm,0.10275855904391756,0.7,1035.011834928993
2015,lightgbm,0.10347398264603254,0.705,1039.6587429409758
2015,lightgbm,0.10420864891167367,0.71,1042.466498401733
2015,lightgbm,0.10492472051809329,0.715,1047.563117750464
2015,lightgbm,0.10568936739650693,0.72,1052.557265433645
2015,lightgbm,0.10642109614450522,0.725,1057.4147597178855
2015,lightgbm,0.10713980449393486,0.73,1062.5404006372833
2015,lightgbm,0.10788518184181774,0.735,1067.3283997290514
2015,lightgbm,0.10868939284984346,0.74,1071.675361634656
2015,lightgbm,0.10945907811336719,0.745,1074.5836121918837
2015,lightgbm,0.11024698879590102,0.75,1079.1013532681677
2015,lightgbm,0.11107591202224487,0.755,1082.0203626400048
2015,lightgbm,0.11196154241494743,0.76,1087.320940929911
2015,lightgbm,0.11278133786665341,0.765,1093.590789232994
2015,lightgbm,0.1136078476566423,0.77,1097.9488135030354
2015,lightgbm,0.11448757209572182,0.775,1101.5137115093949
2015,lightgbm,0.11544021295894577,0.78,1106.6553395339608
2015,lightgbm,0.11637161404858641,0.785,1109.936864520998
2015,lightgbm,0.117295233566095,0.79,1113.565542646272
2015,lightgbm,0.11822903361059992,0.795,1117.6231158994483
2015,lightgbm,0.11919974718220953,0.8,1123.5977427200162
2015,lightgbm,0.12010075336340902,0.805,1128.1548423606778
2015,lightgbm,0.12113082718148184,0.81,1132.6852258022084
2015,lightgbm,0.12212446012031933,0.815,1136.8830047931046
2015,lightgbm,0.12317176685473762,0.82,1140.0345520113015
2015,lightgbm,0.12429003755475666,0.825,1142.63891933705
2015,lightgbm,0.12555156161737477,0.83,1145.4150444360762
2015,lightgbm,0.12668561996688918,0.835,1149.6298025002993
2015,lightgbm,0.12778919002149022,0.84,1152.7465633663703
2015,lightgbm,0.12897627666869474,0.845,1155.748312572935
2015,lightgbm,0.13032822977149974,0.85,1158.2741526692175
2015,lightgbm,0.13161834517758758,0.855,1162.175464004754
2015,lightgbm,0.13293458183710466,0.86,1164.1281163565534
2015,lightgbm,0.13435739702107932,0.865,1164.827638446427
2015,lightgbm,0.13579555076451325,0.87,1166.6276718701658
2015,lightgbm,0.1372222349897154,0.875,1170.4215038253196
2015,lightgbm,0.13876666132522714,0.88,1175.736674709344
2015,lightgbm,0.14035725599388088,0.885,1179.61961197853
2015,lightgbm,0.14197274252236658,0.89,1182.6195618168051
2015,lightgbm,0.143877343164454,0.895,1185.6316128059875
2015,lightgbm,0.14564774231209726,0.9,1188.2381833022587
2015,lightgbm,0.1475830995243443,0.905,1192.656128089742
2015,lightgbm,0.14955194029289742,0.91,1197.4154623134295
2015,lightgbm,0.1516424818393272,0.915,1201.550761705205
2015,lightgbm,0.15397846720170444,0.92,1205.0480153536164
2015,lightgbm,0.15622213956346628,0.925,1204.7132062110106
2015,lightgbm,0.1586913465648474,0.93,1206.7986036614714
2015,lightgbm,0.1614182779613111,0.935,1209.4183132903593
2015,lightgbm,0.16435274277235942,0.94,1211.378759345877
2015,lightgbm,0.1672620378534587,0.945,1212.7229050362396
2015,lightgbm,0.17069104823835562,0.95,1212.778447893806
2015,lightgbm,0.17490290792275323,0.955,1216.0480579800317
2015,lightgbm,0.1790615708777914,0.96,1217.8540255123858
2015,lightgbm,0.18411028699637969,0.965,1220.996028956325
2015,lightgbm,0.1898864347812115,0.97,1221.5469263235605
2015,lightgbm,0.19607197004198143,0.975,1223.720234970022
2015,lightgbm,0.2043321190283487,0.98,1222.2706228639554
2015,lightgbm,0.2146764942288669,0.985,1221.2431566736873
2015,lightgbm,0.2303836505244009,0.99,1219.0218229363463
2015,lightgbm,0.25644212471305283,0.995,1221.3239513797703
2015,lightgbm,0.49275277938786893,1.0,1220.6016275085128
2016,logistic_woe,0.005435369966537987,0.0,0.0
2016,logistic_woe,0.011833494409751663,0.005,10.942185861199128
2016,logistic_woe,0.01420806350198563,0.01,22.17924681763452
2016,logistic_woe,0.01575866532226838,0.015,34.25901708099761
2016,logistic_woe,0.017125811503498165,0.02,45.018159734507165
2016,logistic_woe,0.01847162822965984,0.025,55.41948657122984
2016,logistic_woe,0.01956125954657259,0.03,67.4136597299818
2016,logistic_woe,0.020524191498891606,0.035,77.61540411192355
2016,logistic_woe,0.021546771102831312,0.04,89.39056437455844
2016,logistic_woe,0.022372152655326254,0.045,100.84215793017758
2016,logistic_woe,0.02326315312653942,0.05,111.5503350897038
2016,logistic_woe,0.024084140267249046,0.055,122.15911373991216
2016,logistic_woe,0.024838415489372573,0.06,132.97841786253602
2016,logistic_woe,0.025556210582965644,0.065,143.0710085921739
2016,logistic_woe,0.02625005678759874,0.07,153.5523878028653
2016,logistic_woe,0.02690568571891027,0.075,165.3910118812994
2016,logistic_woe,0.027603135250876907,0.08,176.3718437649489
2016,logistic_woe,0.02824080559140354,0.085,187.68419436266274
2016,logistic_woe,0.028815481665958112,0.09,198.23674707488385
2016,logistic_woe,0.029428224726281517,0.095,207.8055014748529
2016,logistic_woe,0.03002554154917156,0.1,217.85624173714672
2016,logistic_woe,0.030600582812386534,0.105,227.19815301058046
2016,logistic_woe,0.031168649019438357,0.11,237.03750358134482
2016,logistic_woe,0.0316711574663648,0.115,246.8519319181896
2016,logistic_woe,0.03228481611751189,0.12,256.83343841926904
2016,logistic_woe,0.03278991627059781,0.125,266.46058639238333
2016,logistic_woe,0.03333639883485622,0.13,276.2083084626175
2016,logistic_woe,0.03392237413379387,0.135,285.8252937450755
2016,logistic_woe,0.034438609020607205,0.14,296.85647568966016
2016,logistic_woe,0.03497739355600357,0.145,305.68676995767726
2016,logistic_woe,0.03551498411496591,0.15,315.36308440148696
2016,logistic_woe,0.03604065098935352,0.155,324.21836242733167
2016,logistic_woe,0.03657559353107311,0.16,333.0275805996142
2016,logistic_woe,0.03706797284839812,0.165,341.707548631852
2016,logistic_woe,0.03753944475020375,0.17,351.39588449150665
2016,logistic_woe,0.03805883285698665,0.175,360.96905235099786
2016,logistic_woe,0.03851712411794265,0.18,369.994511472743
2016,logistic_woe,0.03903741012859169,0.185,378.8450770497957
2016,logistic_woe,0.03949471813390715,0.19,386.02041370646924
2016,logistic_woe,0.03994641966512165,0.195,394.22418771693384
2016,logistic_woe,0.040398915982898256,0.2,400.92719911218734
2016,logistic_woe,0.04084081747235386,0.205,410.1124125278483
2016,logistic_woe,0.04129465305886017,0.21,420.2849224793289
2016,logistic_woe,0.04175535231590286,0.215,430.45363585097624
2016,logistic_woe,0.04218592632085915,0.22,437.11050159413253
2016,logistic_woe,0.04266928952483181,0.225,445.58713511572734
2016,logistic_woe,0.04312787454898212,0.23,453.36399295573955
2016,logistic_woe,0.04357396764957821,0.235,463.63852664117337
2016,logistic_woe,0.04402100786017728,0.24,471.7178013779409
2016,logistic_woe,0.04446462579171091,0.245,479.1273747636475
2016,logistic_woe,0.04493538890647453,0.25,488.0023406042229
2016,logistic_woe,0.04539289929481583,0.255,495.1974592882549
2016,logistic_woe,0.04580954003183177,0.26,502.5822664682718
2016,logistic_woe,0.04623413622047583,0.265,511.5068327051817
2016,logistic_woe,0.046664521536044466,0.27,520.7785510801125
2016,logistic_woe,0.047108713192027064,0.275,530.4169777311919
2016,logistic_woe,0.047537277359170856,0.28,536.6025132061568
2016,logistic_woe,0.048017083249957314,0.285,544.2550157492677
2016,logistic_woe,0.04849362562804679,0.29,553.1391325997595
2016,logistic_woe,0.048923888675127335,0.295,560.6652318530107
2016,logistic_woe,0.04938912386858584,0.3,568.60302038985
2016,logistic_woe,0.04980682470625594,0.305,576.5497577437911
2016,logistic_woe,0.050226939728190714,0.31,584.5201829718443
2016,logistic_woe,0.050716700462788825,0.315,590.8798011154198
2016,logistic_woe,0.05114396555931794,0.32,599.4826975755748
2016,logistic_woe,0.05161009713837873,0.325,605.8217643131233
2016,logistic_woe,0.052058850603489255,0.33,612.9084651715555
2016,logistic_woe,0.0525048541802291,0.335,620.1675067519301
2016,logistic_woe,0.05297229937354618,0.34,628.5728641519455
2016,logistic_woe,0.05340482362561869,0.345,635.1271222566916
2016,logistic_woe,0.05385475714206474,0.35,640.8912676897836
2016,logistic_woe,0.054317223882958746,0.355,646.2808236905285
2016,logistic_woe,0.05476395115450198,0.36,652.8415097372496
2016,logistic_woe,0.05519899395830545,0.365,659.5548013531388
2016,logistic_woe,0.055640707415066576,0.37,666.4720024258843
2016,logistic_woe,0.05607945170383302,0.375,674.6989309919664
2016,logistic_woe,0.05656568157570446,0.38,682.6194623863132
2016,logistic_woe,0.05704384778575779,0.385,689.7388998159681
2016,logistic_woe,0.057494410720186045,0.39,697.001527293756
2016,logistic_woe,0.05794511385303581,0.395,703.9098204308439
2016,logistic_woe,0.05838922698513817,0.4,708.7751938878832
2016,logistic_woe,0.05888497005070398,0.405,715.1465157886097
2016,logistic_woe,0.05938512402056693,0.41,721.3021187154511
2016,logistic_woe,0.059854439088240924,0.415,727.5002555727951
2016,logistic_woe,0.060325269887071535,0.42,734.7419391563624
2016,logistic_woe,0.060760653077811026,0.425,740.4532618850426
2016,logistic_woe,0.061237494569817176,0.43,746.1674220821772
2016,logistic_woe,0.06169003392703559,0.435,752.6451023060466
2016,logistic_woe,0.06215364187637606,0.44,757.5221473667935
2016,logistic_woe,0.06263261248313075,0.445,765.0729026304155
2016,logistic_woe,0.06308035567314424,0.45,772.0262436434425
2016,logistic_woe,0.0635560777987995,0.455,777.7414839186443
2016,logistic_woe,0.06407136475577127,0.46,783.1955564380376
2016,logistic_woe,0.06453837462682344,0.465,789.6822965679371
2016,logistic_woe,0.06502972924891336,0.47,794.4639466310026
2016,logistic_woe,0.06553395757439753,0.475,800.9922210176745
2016,logistic_woe,0.06602376314586988,0.48,806.5632009378301
2016,logistic_woe,0.0665183494870712,0.485,812.2197831561584
2016,logistic_woe,0.0670450566442736,0.49,818.4126945266485
2016,logistic_woe,0.06760275825016408,0.495,823.2228122734517
2016,logistic_woe,0.0681197308255828,0.5,828.8366257656264
2016,logistic_woe,0.06862344499968698,0.505,833.984884283313
2016,logistic_woe,0.06911626683805198,0.51,840.994288847225
2016,logistic_woe,0.06963626321235004,0.515,847.1897190701989
2016,logistic_woe,0.07013177783217261,0.52,851.4441654466865
2016,logistic_woe,0.07061239913877569,0.525,856.6688277894721
2016,logistic_woe,0.0710975418352935,0.53,861.7886351117803
2016,logistic_woe,0.07164950359883122,0.535,867.452444405463
2016,logistic_woe,0.07219456889850326,0.54,872.8970634786008
2016,logistic_woe,0.07269031106801144,0.545,878.1262065062614
2016,logistic_woe,0.07318226252617714,0.55,883.586584072328
2016,logistic_woe,0.07372227006263084,0.555,889.5265397852859
2016,logistic_woe,0.07431006511341245,0.56,895.2195899401139
2016,logistic_woe,0.07494228432392089,0.565,902.1323362839505
2016,logistic_woe,0.07551062349002094,0.57,906.48486988526
2016,logistic_woe,0.07605764051518644,0.575,910.4271991812235
2016,logistic_woe,0.07659195967383257,0.58,913.8121507844161
2016,logistic_woe,0.07718288072350787,0.585,916.9136882825093
2016,logistic_woe,0.07777619553879972,0.59,921.1639132931623
2016,logistic_woe,0.07835877454409339,0.595,926.0393512954927
2016,logistic_woe,0.07892459196591586,0.6,930.4524759353286
2016,logistic_woe,0.07949314205380843,0.605,933.43812635922
2016,logistic_woe,0.08008678249861838,0.61,938.6111722736667
2016,logistic_woe,0.08068001026554114,0.615,943.6201017276709
2016,logistic_woe,0.08126495589657433,0.62,947.1798511237428
2016,logistic_woe,0.0818821907150695,0.625,952.0897145770846
2016,logistic_woe,0.08251493325852001,0.63,954.3446821080763
2016,logistic_woe,0.08312110529190589,0.635,957.8591730316678
2016,logistic_woe,0.0837471712662468,0.64,963.7635150606312
2016,logistic_woe,0.0844301567629295,0.645,967.697424606155
2016,logistic_woe,0.08505030345913007,0.65,972.5012534859151
2016,logistic_woe,0.08573896223693983,0.655,976.3871614489809
2016,logistic_woe,0.08638950326498777,0.66,980.59908347733
2016,logistic_woe,0.08702321582247036,0.665,985.470245981578
2016,logistic_woe,0.0877175563649642,0.67,989.1305998387679
2016,logistic_woe,0.08838350035305767,0.675,991.9936142798963
2016,logistic_woe,0.08908012113557819,0.68,994.4462095125167
2016,logistic_woe,0.08971688994539014,0.685,997.327139706452
2016,logistic_woe,0.0904243926256231,0.69,1002.2856566679408
2016,logistic_woe,0.09118641742583362,0.695,1006.8590402271499
2016,logistic_woe,0.09189507241679978,0.7,1011.7398432080815
2016,logistic_woe,0.09261139462788906,0.705,1012.1608967248703
2016,logistic_woe,0.09341160696904677,0.71,1017.6795374949385
2016,logistic_woe,0.09415307758698988,0.715,1022.0131096509749
2016,logistic_woe,0.09486056223733805,0.72,1023.6989494423415
2016,logistic_woe,0.09567303680656689,0.725,1027.6934350305824
2016,logistic_woe,0.09645786025872673,0.73,1031.9690369787431
2016,logistic_woe,0.09724952771266843,0.735,1035.2965183997137
2016,logistic_woe,0.09806111118828306,0.74,1038.2048290223597
2016,logistic_woe,0.09887539621655068,0.745,1042.4175324859948
2016,logistic_woe,0.09973492956003444,0.75,1044.7895088984008
2016,logistic_woe,0.1005796911882784,0.755,1046.4363281037618
2016,logistic_woe,0.10144884301372391,0.76,1048.3857624644672
2016,logistic_woe,0.1022883541152289,0.765,1051.2612249997815
2016,logistic_woe,0.10313006304426735,0.77,1054.4825919011103
2016,logistic_woe,0.1040546575933729,0.775,1056.768899958267
2016,logistic_woe,0.10490066421520564,0.78,1059.5536059488284
2016,logistic_woe,0.10578829603731879,0.785,1059.9396575876897
2016,logistic_woe,0.1068292383177749,0.79,1062.3496135571081
2016,logistic_woe,0.10784117308848637,0.795,1064.1552939591422
2016,logistic_woe,0.10885105671536094,0.8,1066.551257477021
2016,logistic_woe,0.10986026949535546,0.805,1069.17271382044
2016,logistic_woe,0.11096606805483847,0.81,1071.3339901915901
2016,logistic_woe,0.11210303041399218,0.815,1075.2147582812488
2016,logistic_woe,0.11317089741633135,0.82,1077.066446530151
2016,logistic_woe,0.11430987793703701,0.825,1078.3103849006961
2016,logistic_woe,0.11547926313284845,0.83,1080.040782188383
2016,logistic_woe,0.11667385412601894,0.835,1080.624371137197
2016,logistic_woe,0.1178742450748495,0.84,1082.6798441737697
2016,logistic_woe,0.11921904740862362,0.845,1085.3224040910488
2016,logistic_woe,0.12053317423076751,0.85,1085.886298324318
2016,logistic_woe,0.12185452577274872,0.855,1085.2917335284396
2016,logistic_woe,0.12321785088254175,0.86,1087.6751824575067
2016,logistic_woe,0.12462775338916963,0.865,1088.8268235855028
2016,logistic_woe,0.12610834647707236,0.87,1089.8296747348963
2016,logistic_woe,0.12751993050072802,0.875,1089.544337630275
2016,logistic_woe,0.1291474246749976,0.88,1088.7576323596127
2016,logistic_woe,0.1307632552285273,0.885,1089.9928534830005
2016,logistic_woe,0.1323151316420535,0.89,1091.8796156874384
2016,logistic_woe,0.13409396972062398,0.895,1090.6936698211362
2016,logistic_woe,0.13587534098024853,0.9,1091.4586518863164
2016,logistic_woe,0.13784383482687834,0.905,1091.9946895126689
2016,logistic_woe,0.13999409662559956,0.91,1092.1467509660379
2016,logistic_woe,0.14211910700370656,0.915,1092.9123419410334
2016,logistic_woe,0.14417730705943968,0.92,1091.0500285389649
2016,logistic_woe,0.14680490840718152,0.925,1089.3660905744975
2016,logistic_woe,0.14930723955022257,0.93,1090.7289529145671
2016,logistic_woe,0.15201883516001508,0.935,1090.0769564828415
2016,logistic_woe,0.1549313645711631,0.94,1090.8025196383783
2016,logistic_woe,0.15819125843267481,0.945,1090.7344826219403
2016,logistic_woe,0.16141937957120236,0.95,1089.6529608066978
2016,logistic_woe,0.1651902776086461,0.955,1090.1498312382969
2016,logistic_woe,0.1699360168636634,0.96,1089.6816025121077
2016,logistic_woe,0.17476408822718406,0.965,1088.3832243743223
2016,logistic_woe,0.18042787088305687,0.97,1086.20569468847
2016,logistic_woe,0.18714529737237637,0.975,1081.0600676187578
2016,logistic_woe,0.1948348788009499,0.98,1077.95005527696
2016,logistic_woe,0.20473926945561424,0.985,1074.2725933535633
2016,logistic_woe,0.21986320839905737,0.99,1070.7664419152134
2016,logistic_woe,0.24295427045795046,0.995,1064.3493306910534
2016,logistic_woe,0.43266776129831874,1.0,1058.7250270065126
2016,lightgbm,0.003896339429174631,0.0,0.0
2016,lightgbm,0.012060233626668049,0.005,11.449290023115497
2016,lightgbm,0.014242959721128724,0.01,23.62474913835215
2016,lightgbm,0.015963254733417205,0.015,34.699438439505506
2016,lightgbm,0.01738331441482243,0.02,46.63871283788103
2016,lightgbm,0.018597153681066056,0.025,59.25672013197634
2016,lightgbm,0.01961208711545751,0.03,70.35706933648709
2016,lightgbm,0.02065064061642461,0.035,81.3883941288343
2016,lightgbm,0.021586903632802683,0.04,92.6663151251284
2016,lightgbm,0.02246712443004145,0.045,103.19892181188321
2016,lightgbm,0.023335574364041954,0.05,114.64135496549392
2016,lightgbm,0.02411985047770054,0.055,125.25793877191303
2016,lightgbm,0.024869827147409405,0.06,135.62564533744495
2016,lightgbm,0.02558116915863978,0.065,145.01451959714223
2016,lightgbm,0.0262693284936631,0.07,156.0805346277728
2016,lightgbm,0.026977337286485208,0.075,167.2058575665004
2016,lightgbm,0.027623942076274256,0.08,176.56495958553145
2016,lightgbm,0.02822752488435518,0.085,186.40750652840384
2016,lightgbm,0.028813878975482047,0.09,196.18079451221783
2016,lightgbm,0.029466381531704573,0.095,204.54736793722023
2016,lightgbm,0.030035570659031327,0.1,213.692685130813
2016,lightgbm,0.03060085355909195,0.105,222.28474887822847
2016,lightgbm,0.031164936355865192,0.11,229.9665232795047
2016,lightgbm,0.03172321040257198,0.115,239.65446731136288
2016,lightgbm,0.03224393718307309,0.12,248.51867878610346
2016,lightgbm,0.03281313835350595,0.125,257.8077955365856
2016,lightgbm,0.03331345456799021,0.13,266.19073925540323
2016,lightgbm,0.033844711576042436,0.135,274.8971370360925
2016,lightgbm,0.03435194741652463,0.14,284.2237518585443
2016,lightgbm,0.03484444715405689,0.145,295.0517624103169
2016,lightgbm,0.035359097293952715,0.15,304.9078467065349
2016,lightgbm,0.03585802295701215,0.155,314.2968720652053
2016,lightgbm,0.036374300389485185,0.16,324.47257158940937
2016,lightgbm,0.03687381671767801,0.165,332.15364203757485
2016,lightgbm,0.03736493891381783,0.17,340.03212506135543
2016,lightgbm,0.037862113951170305,0.175,349.4655467012158
2016,lightgbm,0.0383142052466005,0.18,357.433620171782
2016,lightgbm,0.038769899197116604,0.185,367.30984067926926
2016,lightgbm,0.03925322584333168,0.19,376.4567178849363
2016,lightgbm,0.03970386837816473,0.195,385.99134789762127
2016,lightgbm,0.040169891534395166,0.2,394.35382366351433
2016,lightgbm,0.040664686188827154,0.205,401.6168561821447
2016,lightgbm,0.04112959567868143,0.21,408.68651767010505
2016,lightgbm,0.041634995077352584,0.215,417.11098190922417
2016,lightgbm,0.042057629421096775,0.22,424.49412434341417
2016,lightgbm,0.042533539990884044,0.225,433.5669326325641
2016,lightgbm,0.04299074579826433,0.23,441.53691263648443
2016,lightgbm,0.043458432311819034,0.235,449.8074549246201
2016,lightgbm,0.043941778180768845,0.24,456.54873366908544
2016,lightgbm,0.04441263384486274,0.245,463.96802004811553
2016,lightgbm,0.04486377907177788,0.25,473.76833138565473
2016,lightgbm,0.045298933711406704,0.255,480.9798421897893
2016,lightgbm,0.045738690089082865,0.26,489.9471225023666
2016,lightgbm,0.046173236708767926,0.265,497.76048270890306
2016,lightgbm,0.046613964736056786,0.27,506.4723641871778
2016,lightgbm,0.04704428655182909,0.275,514.0459495809105
2016,lightgbm,0.04752911797154879,0.28,521.0031833801614
2016,lightgbm,0.04800340590659956,0.285,526.9596108076141
2016,lightgbm,0.04848029279491694,0.29,533.2319713881261
2016,lightgbm,0.04892130359872191,0.295,541.3693860012286
2016,lightgbm,0.04938823265225966,0.3,549.147489464752
2016,lightgbm,0.04986784948326191,0.305,556.840254617793
2016,lightgbm,0.05033934197555343,0.31,564.1756062548509
2016,lightgbm,0.05075836662763072,0.315,571.3440273951192
2016,lightgbm,0.051225235632997024,0.32,577.028796097074
2016,lightgbm,0.051682227863482325,0.325,583.8290572706113
2016,lightgbm,0.05213841320192027,0.33,591.0556158596013
2016,lightgbm,0.05260453078857234,0.335,598.4721109140347
2016,lightgbm,0.05308257541523265,0.34,605.3163045869928
2016,lightgbm,0.05354118001664439,0.345,612.2074172145784
2016,lightgbm,0.05393833887392778,0.35,618.2849719123806
2016,lightgbm,0.05441958556168833,0.355,624.8506355845885
2016,lightgbm,0.05486754815605964,0.36,630.2529369667205
2016,lightgbm,0.05531655626441779,0.365,637.3864362284284
2016,lightgbm,0.05576742260638832,0.37,643.8512302628222
2016,lightgbm,0.05622472202433361,0.375,650.135774387162
2016,lightgbm,0.0566841304232228,0.38,656.2476611828982
2016,lightgbm,0.05718127581387421,0.385,661.7136142981999
2016,lightgbm,0.05765630702344022,0.39,668.1709169504583
2016,lightgbm,0.05808764738066896,0.395,675.956483911536
2016,lightgbm,0.058579077203338374,0.4,681.905213450751
2016,lightgbm,0.05906409653334685,0.405,688.0471849967097
2016,lightgbm,0.05951662869969747,0.41,692.7231016905884
2016,lightgbm,0.05999211566635581,0.415,699.5211623840353
2016,lightgbm,0.060483976464872496,0.42,706.8176082849945
2016,lightgbm,0.06091605021179201,0.425,712.8737215764144
2016,lightgbm,0.061431123782073084,0.43,719.037025088592
2016,lightgbm,0.0619165841065568,0.435,724.3703402429027
2016,lightgbm,0.06240708665736526,0.44,730.3076728982319
2016,lightgbm,0.06293506195010841,0.445,735.5398131080473
2016,lightgbm,0.06344237060642768,0.45,741.475522326174
2016,lightgbm,0.06395089605598869,0.455,748.4730746281525
2016,lightgbm,0.06444113673495794,0.46,753.5031370109338
2016,lightgbm,0.06494479875675996,0.465,760.7092730667946
2016,lightgbm,0.06542694147772184,0.47,766.8167192698862
2016,lightgbm,0.06595310983607433,0.475,772.7359008429617
2016,lightgbm,0.06648388121225361,0.48,777.751871391706
2016,lightgbm,0.06701669292085098,0.485,783.7981691622975
2016,lightgbm,0.06753567349703125,0.49,790.488138442752
2016,lightgbm,0.0680250961116136,0.495,796.3696972539453
2016,lightgbm,0.06852857732450282,0.5,802.0500880058319
2016,lightgbm,0.0690216319712224,0.505,807.8730061806097
2016,lightgbm,0.06958767127242643,0.51,813.931341584436
2016,lightgbm,0.0701013566182374,0.515,819.9339176957237
2016,lightgbm,0.07067633638347139,0.52,825.3065212224762
2016,lightgbm,0.07124960170217114,0.525,831.2013154037684
2016,lightgbm,0.07182301652665828,0.53,836.8817982597595
2016,lightgbm,0.07240961212702098,0.535,842.2081211225251
2016,lightgbm,0.07294211944653599,0.54,848.6036013911563
2016,lightgbm,0.07351479920561317,0.545,854.7072805736649
2016,lightgbm,0.07409488396731358,0.55,859.7557196702903
2016,lightgbm,0.07470566264810315,0.555,865.622720703853
2016,lightgbm,0.0752776464760683,0.56,869.4947518974387
2016,lightgbm,0.07587789515277772,0.565,874.8621040894608
2016,lightgbm,0.0764341513396632,0.57,880.5463800508156
2016,lightgbm,0.07703368704543337,0.575,885.6998954743731
2016,lightgbm,0.07766010354148807,0.58,890.4380032511104
2016,lightgbm,0.0782285202994215,0.585,895.1774907489114
2016,lightgbm,0.07880482854512581,0.59,898.9608281599659
2016,lightgbm,0.07938272490963838,0.595,903.5386638435272
2016,lightgbm,0.0799630855005768,0.6,908.7898070937545
2016,lightgbm,0.08064250846584867,0.605,914.4421219090016
2016,lightgbm,0.0812645885615271,0.61,919.6157853687181
2016,lightgbm,0.08194035840218064,0.615,923.624884232781
2016,lightgbm,0.08251816934433003,0.62,929.4483501177394
2016,lightgbm,0.08315453426212599,0.625,933.9133042855822
2016,lightgbm,0.08377806559262098,0.63,937.0891896237243
2016,lightgbm,0.08446075592091677,0.635,941.1633598610048
2016,lightgbm,0.08512634946151627,0.64,945.6649796901448
2016,lightgbm,0.08577642172714373,0.645,950.2161562941362
2016,lightgbm,0.08652143635261078,0.65,951.9671249610395
2016,lightgbm,0.08724795635046505,0.655,956.0616885445957
2016,lightgbm,0.0879784347441296,0.66,958.882919467576
2016,lightgbm,0.08867965700044102,0.665,962.0499668887553
2016,lightgbm,0.08943425441213546,0.67,968.091534031977
2016,lightgbm,0.09017645295166937,0.675,971.7795558938928
2016,lightgbm,0.09095005924175305,0.68,975.0620434186533
2016,lightgbm,0.09169844159376729,0.685,978.2355931619097
2016,lightgbm,0.09247842870463945,0.69,982.9514751407587
2016,lightgbm,0.09323165562775049,0.695,987.3075995191348
2016,lightgbm,0.09399316610262164,0.7,991.3111077848521
2016,lightgbm,0.0947504012538133,0.705,994.1706763452258
2016,lightgbm,0.0955348771851829,0.71,997.8533548008859
2016,lightgbm,0.0962999869882291,0.715,1002.7726573857985
2016,lightgbm,0.09713712081127271,0.72,1007.5567614606655
2016,lightgbm,0.0979341835056668,0.725,1011.3245049654766
2016,lightgbm,0.09886357542763992,0.73,1012.6056234250235
2016,lightgbm,0.09973978040517958,0.735,1017.7524363378157
2016,lightgbm,0.10061659437123034,0.74,1021.3187228517205
2016,lightgbm,0.10155536919387433,0.745,1024.0044608033797
2016,lightgbm,0.10248013707939693,0.75,1027.1658202359993
2016,lightgbm,0.10338567525215646,0.755,1030.8405367298492
2016,lightgbm,0.10439572494185087,0.76,1035.1787544609922
2016,lightgbm,0.10540993615552614,0.765,1038.6354822972987
2016,lightgbm,0.10647429500985456,0.77,1041.6803785375284
2016,lightgbm,0.10745914314188386,0.775,1044.847398522037
2016,lightgbm,0.10853859337489448,0.78,1047.679979886685
2016,lightgbm,0.10955760635742884,0.785,1051.8075046128674
2016,lightgbm,0.11055608666495564,0.79,1053.3602848126163
2016,lightgbm,0.11161831753114623,0.795,1055.1570455844071
2016,lightgbm,0.11276649698838676,0.8,1058.8361487615061
2016,lightgbm,0.1139633896867241,0.805,1063.8144808218328
2016,lightgbm,0.11522527488752948,0.81,1065.3729361798562
2016,lightgbm,0.11651369362908995,0.815,1065.6257908268412
2016,lightgbm,0.11779299182379308,0.82,1066.684808816443
2016,lightgbm,0.1192851083932091,0.825,1070.792201205611
2016,lightgbm,0.12051595997001494,0.83,1073.5664412148108
2016,lightgbm,0.12184998268414443,0.835,1073.9713658203402
2016,lightgbm,0.12333002072711445,0.84,1076.248227098841
2016,lightgbm,0.12477630317594347,0.845,1076.8955882981145
2016,lightgbm,0.1262418116384738,0.85,1078.8057855312536
2016,lightgbm,0.12784286822953905,0.855,1081.421059057723
2016,lightgbm,0.12943796156506332,0.86,1082.1900131674013
2016,lightgbm,0.13119277729667048,0.865,1084.1664911348723
2016,lightgbm,0.1328884563716442,0.87,1082.719237549402
2016,lightgbm,0.1346227174524707,0.875,1085.5705340423285
2016,lightgbm,0.1365497032422147,0.88,1087.6977169136367
2016,lightgbm,0.1386161336091428,0.885,1088.4213904054552
2016,lightgbm,0.14062840884422803,0.89,1088.878623920694
2016,lightgbm,0.14259848972296352,0.895,1089.4703840967036
2016,lightgbm,0.14468357255078473,0.9,1091.846328483896
2016,lightgbm,0.14700607515137978,0.905,1094.0597124781286
2016,lightgbm,0.14956950779489375,0.91,1093.250972734781
2016,lightgbm,0.15211915587160038,0.915,1092.873497396488
2016,lightgbm,0.15514440280629488,0.92,1095.0812826492538
2016,lightgbm,0.15824117964248444,0.925,1093.1947122985835
2016,lightgbm,0.161296709749993,0.93,1090.9410829193778
2016,lightgbm,0.16463652817862265,0.935,1089.5624429386367
2016,lightgbm,0.1684244916033834,0.94,1088.9150198504117
2016,lightgbm,0.17236773973232555,0.945,1087.8211067347847
2016,lightgbm,0.17659253698037847,0.95,1087.588347632282
2016,lightgbm,0.1817517353217036,0.955,1087.9230570414131
2016,lightgbm,0.18729651889407717,0.96,1086.7905754595413
2016,lightgbm,0.1934338264388814,0.965,1084.0068208340185
2016,lightgbm,0.20061281749964355,0.97,1081.926101740616
2016,lightgbm,0.2097402013161155,0.975,1079.161422339727
2016,lightgbm,0.22060823675487135,0.98,1078.0688302249641
2016,lightgbm,0.2346470677392802,0.985,1074.475199501008
2016,lightgbm,0.25510937668042977,0.99,1071.885628326607
2016,lightgbm,0.28927490228402597,0.995,1065.0289874522744
2016,lightgbm,0.5742170528414582,1.0,1058.72502700652
2017,logistic_woe,0.004810508244753493,0.0,0.0
2017,logistic_woe,0.011460189585225537,0.005,10.86826895280884
2017,logistic_woe,0.01352449750610246,0.01,21.478763703292845
2017,logistic_woe,0.014938489285438554,0.015,32.35017879094819
2017,logistic_woe,0.01614170201505592,0.02,43.57472386147844
2017,logistic_woe,0.01723423391809035,0.025,54.14772982399504
2017,logistic_woe,0.018169624413311235,0.03,65.00085091130137
2017,logistic_woe,0.019105958084677643,0.035,76.63886168875206
2017,logistic_woe,0.020028423939445417,0.04,87.52847914795753
2017,logistic_woe,0.020861362614364987,0.045,97.71112626279589
2017,logistic_woe,0.021663710643034906,0.05,108.90332899900157
2017,logistic_woe,0.022424002150109094,0.055,119.81993165350161
2017,logistic_woe,0.023111039780459183,0.06,130.66959257646226
2017,logistic_woe,0.023781626013972414,0.065,140.04349975400388
2017,logistic_woe,0.02441784949835195,0.07,150.64322293659322
2017,logistic_woe,0.025117406568265586,0.075,160.88371931334757
2017,logistic_woe,0.02570811612994751,0.08,171.26221923012122
2017,logistic_woe,0.02633758930132856,0.085,182.19692095499835
2017,logistic_woe,0.02698961338621086,0.09,194.20728053251088
2017,logistic_woe,0.027597820393058466,0.095,205.20294376754828
2017,logistic_woe,0.028202326488337107,0.1,215.14205976558347
2017,logistic_woe,0.02881616914891116,0.105,224.24358436166028
2017,logistic_woe,0.02938681825631553,0.11,232.88346589348228
2017,logistic_woe,0.029967809061024357,0.115,242.4280317777138
2017,logistic_woe,0.03053777018121172,0.12,251.32782877571623
2017,logistic_woe,0.03109034551261465,0.125,262.5724698897731
2017,logistic_woe,0.031655609552352484,0.13,272.41305959339115
2017,logistic_woe,0.03215178623995394,0.135,282.2551846724235
2017,logistic_woe,0.03266355917468816,0.14,291.74818823168545
2017,logistic_woe,0.0332065106043905,0.145,302.168913524361
2017,logistic_woe,0.033759381056469695,0.15,310.3701325139777
2017,logistic_woe,0.0342634995222707,0.155,319.8512852542512
2017,logistic_woe,0.034773179218919176,0.16,330.42650090385933
2017,logistic_woe,0.035263107359143855,0.165,340.29641732046485
2017,logistic_woe,0.035778847915488424,0.17,349.6701161388053
2017,logistic_woe,0.03628173884686357,0.175,359.96763318257337
2017,logistic_woe,0.03680444374977138,0.18,370.41229036386284
2017,logistic_woe,0.03726967089513184,0.185,380.09447624261827
2017,logistic_woe,0.037771318010475445,0.19,389.5596630761894
2017,logistic_woe,0.03825289347558771,0.195,400.90317419038735
2017,logistic_woe,0.03876549224126264,0.2,411.03377761884707
2017,logistic_woe,0.03921335555977639,0.205,420.7054791814483
2017,logistic_woe,0.03966200999622349,0.21,428.93132428605816
2017,logistic_woe,0.04014856879336721,0.215,437.73966749155284
2017,logistic_woe,0.0406201781525361,0.22,446.4582911937583
2017,logistic_woe,0.04111112849026482,0.225,455.75449284777005
2017,logistic_woe,0.04160560286413139,0.23,465.1325329073569
2017,logistic_woe,0.04205264205775559,0.235,473.54923187149393
2017,logistic_woe,0.04250624140819134,0.24,483.4869733249982
2017,logistic_woe,0.04298561236257861,0.245,491.8779943086241
2017,logistic_woe,0.04342430091232519,0.25,498.98136741005936
2017,logistic_woe,0.04385615234720246,0.255,507.1814113094049
2017,logistic_woe,0.04428916929484436,0.26,516.757042653492
2017,logistic_woe,0.044763671000987916,0.265,526.1792214698421
2017,logistic_woe,0.04520540387307083,0.27,535.6830424491543
2017,logistic_woe,0.04570549818809552,0.275,544.5745612695948
2017,logistic_woe,0.046173794524581424,0.28,552.8875304297777
2017,logistic_woe,0.04664682237633088,0.285,562.1800937147409
2017,logistic_woe,0.04713558775810159,0.29,570.7848959738234
2017,logistic_woe,0.047618714392837665,0.295,578.8808748101566
2017,logistic_woe,0.048107846930770956,0.3,587.0388577537079
2017,logistic_woe,0.04854763167668354,0.305,595.4942007361659
2017,logistic_woe,0.048972154832779106,0.31,604.1895210966385
2017,logistic_woe,0.04945503017911214,0.315,610.824062361265
2017,logistic_woe,0.0499024931329437,0.32,618.148323289548
2017,logistic_woe,0.05036806653505381,0.325,627.3284027768215
2017,logistic_woe,0.05082420025290585,0.33,635.8379160794318
2017,logistic_woe,0.051274175149818656,0.335,644.9329818927312
2017,logistic_woe,0.05175511703056529,0.34,653.0482528091678
2017,logistic_woe,0.052235907317075336,0.345,660.8543171365732
2017,logistic_woe,0.052688984481774545,0.35,668.3095032986109
2017,logistic_woe,0.05316395886916063,0.355,676.0986850337489
2017,logistic_woe,0.05360989515661442,0.36,683.9305866814827
2017,logistic_woe,0.0540745196425611,0.365,691.4703885455247
2017,logistic_woe,0.05452613724994866,0.37,699.9258816215596
2017,logistic_woe,0.054984536254122154,0.375,707.0520330988677
2017,logistic_woe,0.055495283395285804,0.38,714.5247554416862
2017,logistic_woe,0.055963322322535994,0.385,722.908071123202
2017,logistic_woe,0.056430664128500584,0.39,731.8151419408329
2017,logistic_woe,0.05688170306399428,0.395,738.9608804229824
2017,logistic_woe,0.057342726795279374,0.4,745.9998172487102
2017,logistic_woe,0.05779458752620509,0.405,752.9582986637545
2017,logistic_woe,0.058273377950519144,0.41,760.1782960268605
2017,logistic_woe,0.05871204538753903,0.415,769.424450715188
2017,logistic_woe,0.05919471005723975,0.42,777.9093658680812
2017,logistic_woe,0.05970348217632346,0.425,784.5112010232252
2017,logistic_woe,0.06019678184913603,0.43,791.3644015938164
2017,logistic_woe,0.06070498376783473,0.435,800.4199290596055
2017,logistic_woe,0.06118025754760404,0.44,807.8863137166358
2017,logistic_woe,0.06167572066723098,0.445,814.9747635772779
2017,logistic_woe,0.062160876435461754,0.45,822.0318907727242
2017,logistic_woe,0.06270030941541463,0.455,826.7649231458201
2017,logistic_woe,0.06324554637509353,0.46,834.3003373589721
2017,logistic_woe,0.0637250142036266,0.465,842.1352324315739
2017,logistic_woe,0.06420722895914209,0.47,847.7015512781145
2017,logistic_woe,0.06470260478018625,0.475,855.1626005690983
2017,logistic_woe,0.06518644775057668,0.48,861.1455379213056
2017,logistic_woe,0.0657181480810841,0.485,868.1520788394322
2017,logistic_woe,0.06621465920226449,0.49,874.7516573233254
2017,logistic_woe,0.06670845453033389,0.495,879.4812259169432
2017,logistic_woe,0.06724086275596207,0.5,884.7293886658658
2017,logistic_woe,0.0677527199934477,0.505,892.5680621138133
2017,logistic_woe,0.06828711697324655,0.51,900.7234237669559
2017,logistic_woe,0.06878889757741326,0.515,907.6319865058165
2017,logistic_woe,0.06931996049587087,0.52,914.4848061747088
2017,logistic_woe,0.06985631035494061,0.525,920.3549318840423
2017,logistic_woe,0.07039881536956324,0.53,926.8256270103603
2017,logistic_woe,0.0709118295614607,0.535,931.6577532516686
2017,logistic_woe,0.07145184055955561,0.54,937.63005588542
2017,logistic_woe,0.07197858243045088,0.545,943.8622774975764
2017,logistic_woe,0.07250417309517737,0.55,949.5899222847228
2017,logistic_woe,0.07299782328662796,0.555,955.6156790401118
2017,logistic_woe,0.07357935598550257,0.56,960.4342681168644
2017,logistic_woe,0.07417249444495473,0.565,966.1932996221518
2017,logistic_woe,0.07471711223880258,0.57,971.1765714960153
2017,logistic_woe,0.07527345569181368,0.575,977.5072343710572
2017,logistic_woe,0.07586950686415359,0.58,982.7779003177561
2017,logistic_woe,0.07640984603495778,0.585,987.5069916692819
2017,logistic_woe,0.07697876398868654,0.59,992.6801740163486
2017,logistic_woe,0.07758564788240398,0.595,997.607302686451
2017,logistic_woe,0.07816587224136778,0.6,1001.9541248256355
2017,logistic_woe,0.07874167057424361,0.605,1008.5046854309779
2017,logistic_woe,0.0793354844294314,0.61,1014.4977706942167
2017,logistic_woe,0.07994191915160438,0.615,1021.0874958519989
2017,logistic_woe,0.08053069839696488,0.62,1028.5074986183354
2017,logistic_woe,0.08119511371049715,0.625,1034.425542745026
2017,logistic_woe,0.08182266142148256,0.63,1038.4585585448363
2017,logistic_woe,0.08242869834299318,0.635,1043.2453050175213
2017,logistic_woe,0.08307670775813096,0.64,1048.661718043999
2017,logistic_woe,0.08374262038925943,0.645,1052.7201277449817
2017,logistic_woe,0.08437013582091617,0.65,1059.044664254839
2017,logistic_woe,0.08500970306276864,0.655,1064.506496169347
2017,logistic_woe,0.08564301366589341,0.66,1068.9444973160655
2017,logistic_woe,0.08628363418388552,0.665,1073.8963128906464
2017,logistic_woe,0.08698221002571428,0.67,1078.8548490361109
2017,logistic_woe,0.08769506327543834,0.675,1084.66804448565
2017,logistic_woe,0.08836164259913735,0.68,1088.1890558499297
2017,logistic_woe,0.08905004725030938,0.685,1091.125730004476
2017,logistic_woe,0.08976344748767212,0.69,1096.2389299466788
2017,logistic_woe,0.09049350544053135,0.695,1097.1124781534536
2017,logistic_woe,0.09117243135240814,0.7,1102.5715696328687
2017,logistic_woe,0.09187859368271763,0.705,1106.8776978802812
2017,logistic_woe,0.09265307274615724,0.71,1110.9404509843346
2017,logistic_woe,0.09345172289178448,0.715,1113.7280845536893
2017,logistic_woe,0.09420299374133173,0.72,1119.1360413267219
2017,logistic_woe,0.09496156092290002,0.725,1124.073177578766
2017,logistic_woe,0.09575015230430145,0.73,1127.248500751376
2017,logistic_woe,0.09650871454336726,0.735,1131.4639735452624
2017,logistic_woe,0.09735356367170636,0.74,1134.4240770885176
2017,logistic_woe,0.09816148771311589,0.745,1138.1683725781293
2017,logistic_woe,0.09899995560916984,0.75,1141.5240418279418
2017,logistic_woe,0.0998124957620776,0.755,1146.7848240193648
2017,logistic_woe,0.10069072010400992,0.76,1150.6380181984669
2017,logistic_woe,0.10156469247421347,0.765,1153.985932128058
2017,logistic_woe,0.1024394010758685,0.77,1158.3508600600092
2017,logistic_woe,0.10333332488374954,0.775,1162.1218782223784
2017,logistic_woe,0.1042352280936564,0.78,1165.5137560104338
2017,logistic_woe,0.10520324090319462,0.785,1169.695914460965
2017,logistic_woe,0.10620008550297523,0.79,1171.7118471821757
2017,logistic_woe,0.1071590813901669,0.795,1173.6926357625764
2017,logistic_woe,0.10818102427955173,0.8,1177.0033983472965
2017,logistic_woe,0.10920013958232122,0.805,1180.6115086174264
2017,logistic_woe,0.110386990666093,0.81,1182.9637908325308
2017,logistic_woe,0.11148868651363857,0.815,1185.1622090380029
2017,logistic_woe,0.11265689164259769,0.82,1187.6253033286432
2017,logistic_woe,0.11385841966843131,0.825,1189.850328157597
2017,logistic_woe,0.11502734746217178,0.83,1193.2258279840244
2017,logistic_woe,0.11628016024279024,0.835,1195.5989168596673
2017,logistic_woe,0.11747672937753384,0.84,1196.2424653490855
2017,logistic_woe,0.11875770816767937,0.845,1198.2283289007628
2017,logistic_woe,0.12003191835649178,0.85,1200.7066028364686
2017,logistic_woe,0.12134195087215821,0.855,1203.7290731774876
2017,logistic_woe,0.12263732231162854,0.86,1207.409453368237
2017,logistic_woe,0.12403225687159079,0.865,1207.8947748597013
2017,logistic_woe,0.12546173112634357,0.87,1212.3163326621734
2017,logistic_woe,0.12704482307126566,0.875,1213.8394997671053
2017,logistic_woe,0.12867955871345196,0.88,1216.809233698282
2017,logistic_woe,0.13036086511354913,0.885,1217.4351337186279
2017,logistic_woe,0.13211268790852715,0.89,1218.184677603733
2017,logistic_woe,0.1340999141393242,0.895,1219.78081176895
2017,logistic_woe,0.13591347883350796,0.9,1218.1602502499813
2017,logistic_woe,0.13784314544983436,0.905,1219.7763791513164
2017,logistic_woe,0.14011432642408198,0.91,1221.7472611121807
2017,logistic_woe,0.14225407983473104,0.915,1221.0889517275723
2017,logistic_woe,0.14453648625925997,0.92,1222.6500369685189
2017,logistic_woe,0.14689061575191137,0.925,1224.6478945541596
2017,logistic_woe,0.14947505170938205,0.93,1225.146072963848
2017,logistic_woe,0.15223189236314552,0.935,1225.938244472355
2017,logistic_woe,0.15492915850728328,0.94,1225.9996078353843
2017,logistic_woe,0.1584174185659292,0.945,1227.2221039999672
2017,logistic_woe,0.16191913630654658,0.95,1226.6519001646
2017,logistic_woe,0.16594115706264026,0.955,1227.8825018250627
2017,logistic_woe,0.1701493333871334,0.96,1223.5534314990211
2017,logistic_woe,0.17494164857528383,0.965,1224.001594037768
2017,logistic_woe,0.18058704221116886,0.97,1222.0339502417773
2017,logistic_woe,0.18703905473711552,0.975,1220.5699263160602
2017,logistic_woe,0.19512476957143676,0.98,1218.3624537926858
2017,logistic_woe,0.20492307260577947,0.985,1213.5526768708555
2017,logistic_woe,0.21905513618408956,0.99,1211.7295820542608
2017,logistic_woe,0.24061904514622892,0.995,1207.077390602183
2017,logistic_woe,0.4348840694844716,1.0,1202.6394451579422
2017,lightgbm,0.004764173267639978,0.0,0.0
2017,lightgbm,0.01100625256773094,0.005,10.026173473106386
2017,lightgbm,0.012900608788980231,0.01,20.159766731300095
2017,lightgbm,0.014543521444553464,0.015,31.027144359266124
2017,lightgbm,0.015736106807970954,0.02,42.52306560478033
2017,lightgbm,0.016943295985380993,0.025,53.14847053404352
2017,lightgbm,0.017911192916142283,0.03,64.28517037310444
2017,lightgbm,0.01885433051950754,0.035,74.80365980661523
2017,lightgbm,0.019794673621226458,0.04,86.00038451411042
2017,lightgbm,0.02060736200320124,0.045,96.90142136979506
2017,lightgbm,0.021381397522599245,0.05,107.8723009601758
2017,lightgbm,0.022150690908428,0.055,118.21539824407284
2017,lightgbm,0.022883914876919233,0.06,128.80694828491676
2017,lightgbm,0.02360051762711616,0.065,139.65615812608812
2017,lightgbm,0.024309429230774632,0.07,149.74123161683463
2017,lightgbm,0.024984954853788485,0.075,159.57034961521708
2017,lightgbm,0.025623669763220475,0.08,170.20862623566586
2017,lightgbm,0.026222548915768907,0.085,179.44324050752346
2017,lightgbm,0.026868589724808017,0.09,189.66386866007707
2017,lightgbm,0.027491389808727205,0.095,201.04142199000373
2017,lightgbm,0.02805612832178721,0.1,210.91567767778614
2017,lightgbm,0.02863641939641,0.105,220.27514309587997
2017,lightgbm,0.02917657969080417,0.11,229.48233177317638
2017,lightgbm,0.029721679599720302,0.115,239.9060190198842
2017,lightgbm,0.03025262533949063,0.12,249.36105419847357
2017,lightgbm,0.03078469370205476,0.125,258.4899808777876
2017,lightgbm,0.031343038953313945,0.13,268.5552692561335
2017,lightgbm,0.031860875460585164,0.135,278.54938643544193
2017,lightgbm,0.03239389747904255,0.14,287.74732304417324
2017,lightgbm,0.03289877814233332,0.145,298.0328609639068
2017,lightgbm,0.033441948654589236,0.15,307.24201219765825
2017,lightgbm,0.03389739987870021,0.155,318.293744846419
2017,lightgbm,0.03434424568782199,0.16,327.9728008506568
2017,lightgbm,0.03485694416941367,0.165,336.7758196295356
2017,lightgbm,0.03531236925141528,0.17,346.5956614890576
2017,lightgbm,0.03581853837367943,0.175,356.52899078013314
2017,lightgbm,0.03634550346285232,0.18,366.0732407180984
2017,lightgbm,0.03684149935846499,0.185,375.58907888215265
2017,lightgbm,0.03732081905072257,0.19,384.1074130262735
2017,lightgbm,0.037786180791235996,0.195,392.54555910859807
2017,lightgbm,0.03823389504767556,0.2,400.7749727160768
2017,lightgbm,0.03869565447268747,0.205,408.6261224226429
2017,lightgbm,0.03917123094006154,0.21,416.3493927023778
2017,lightgbm,0.0396115452046796,0.215,425.43497818505546
2017,lightgbm,0.0401132425996945,0.22,433.3341299079303
2017,lightgbm,0.040583946577134856,0.225,441.4271381014748
2017,lightgbm,0.0410615812545379,0.23,451.5491745718091
2017,lightgbm,0.04153605179906933,0.235,460.33578060884787
2017,lightgbm,0.04198318889642385,0.24,469.3077219402536
2017,lightgbm,0.04243217199818276,0.245,477.5464674268742
2017,lightgbm,0.04287058626490843,0.25,486.01188281122415
2017,lightgbm,0.043327639951884704,0.255,493.80505630122735
2017,lightgbm,0.04377199403472428,0.26,501.668013163843
2017,lightgbm,0.044235473975201126,0.265,510.20517161358407
2017,lightgbm,0.044688687187511615,0.27,517.9473216971307
2017,lightgbm,0.04513903230047902,0.275,526.8429273912477
2017,lightgbm,0.04559616061995836,0.28,536.393340885189
2017,lightgbm,0.04606538436823029,0.285,545.3457977407396
2017,lightgbm,0.046478417846738854,0.29,552.9030363001608
2017,lightgbm,0.046934312714595285,0.295,561.5441274329748
2017,lightgbm,0.0473760726283189,0.3,570.1683657334104
2017,lightgbm,0.047824194717806405,0.305,578.312184803074
2017,lightgbm,0.0482723278427047,0.31,587.333435447755
2017,lightgbm,0.04874647685577453,0.315,595.5830494808458
2017,lightgbm,0.04923202188883221,0.32,605.2652768673787
2017,lightgbm,0.049654857180862086,0.325,614.1252876498401
2017,lightgbm,0.05008850129208721,0.33,622.4290251144376
2017,lightgbm,0.05053760900268644,0.335,631.945302001602
2017,lightgbm,0.05098608749209132,0.34,639.5990931396763
2017,lightgbm,0.051470741086990374,0.345,646.386933238877
2017,lightgbm,0.0519203158469024,0.35,652.8265066764195
2017,lightgbm,0.05237184161129838,0.355,660.3098835702166
2017,lightgbm,0.052831884120156575,0.36,668.884391807026
2017,lightgbm,0.05330468218853666,0.365,677.1146848389442
2017,lightgbm,0.05379588155827659,0.37,683.9902050306226
2017,lightgbm,0.054247744980898085,0.375,690.6600909764128
2017,lightgbm,0.05470075802791995,0.38,698.0138149059362
2017,lightgbm,0.05518202714544921,0.385,704.5381548853339
2017,lightgbm,0.05561610017556342,0.39,712.1827896466857
2017,lightgbm,0.05610759191994194,0.395,718.1519550024107
2017,lightgbm,0.056607776826010606,0.4,725.4158906041371
2017,lightgbm,0.057074812116363664,0.405,731.5024362361237
2017,lightgbm,0.05754179284042389,0.41,738.0581083979291
2017,lightgbm,0.05801067542895686,0.415,746.862776017671
2017,lightgbm,0.058473818325759465,0.42,752.6399443349505
2017,lightgbm,0.05895263702891074,0.425,759.1491590436186
2017,lightgbm,0.0594212807040353,0.43,765.5365055542163
2017,lightgbm,0.05990912664389398,0.435,774.3090142171715
2017,lightgbm,0.06041264949299483,0.44,781.9958477565767
2017,lightgbm,0.060879997203311324,0.445,788.1296211517332
2017,lightgbm,0.06137848310675951,0.45,793.4492602331326
2017,lightgbm,0.061868664634939695,0.455,800.3493624978084
2017,lightgbm,0.06235681833411934,0.46,806.2832288564662
2017,lightgbm,0.06281639143614798,0.465,813.636186341331
2017,lightgbm,0.06334412306864164,0.47,821.5808007129019
2017,lightgbm,0.06383809467565642,0.475,827.7416642310791
2017,lightgbm,0.06434666263598209,0.48,833.3871224581547
2017,lightgbm,0.06483471085326181,0.485,838.5951723679325
2017,lightgbm,0.06534964990654592,0.49,845.5717744427278
2017,lightgbm,0.06589509420415028,0.495,850.9376969814545
2017,lightgbm,0.06646862862721642,0.5,857.744576963893
2017,lightgbm,0.06701736048169184,0.505,864.5710062798942
2017,lightgbm,0.06753472137305493,0.51,870.5811135516354
2017,lightgbm,0.06807369631193731,0.515,876.6994585038141
2017,lightgbm,0.06857007879189077,0.52,883.6553012990548
2017,lightgbm,0.06915027900528213,0.525,889.68649783515
2017,lightgbm,0.06971538327867309,0.53,895.1407924827904
2017,lightgbm,0.07027302380663125,0.535,901.7084032610667
2017,lightgbm,0.07083251176431192,0.54,906.9655453917387
2017,lightgbm,0.07140937685703055,0.545,914.1905060863721
2017,lightgbm,0.07193649935117141,0.55,921.0063870762135
2017,lightgbm,0.0724679143113965,0.555,928.3919310764827
2017,lightgbm,0.07304419552852617,0.56,934.3763657722786
2017,lightgbm,0.07360801511877453,0.565,941.4392301318777
2017,lightgbm,0.07426979452272095,0.57,948.0444915943731
2017,lightgbm,0.07483680028511788,0.575,953.2656121365304
2017,lightgbm,0.07542749673584487,0.58,958.8398074550693
2017,lightgbm,0.076034003300355,0.585,964.5438593906724
2017,lightgbm,0.0766420800338089,0.59,970.4047104862739
2017,lightgbm,0.07724583293943826,0.595,976.3055914002805
2017,lightgbm,0.07789599059170743,0.6,981.967644583638
2017,lightgbm,0.07852154048423475,0.605,987.5818597177033
2017,lightgbm,0.07913658245381315,0.61,992.281276639294
2017,lightgbm,0.07975868326312983,0.615,997.2159237491384
2017,lightgbm,0.08041262089402561,0.62,1003.8185919686839
2017,lightgbm,0.0810644709867504,0.625,1008.3934072815588
2017,lightgbm,0.08169590223594927,0.63,1013.9592133543408
2017,lightgbm,0.08237901491755885,0.635,1021.4445322428253
2017,lightgbm,0.08310903961571664,0.64,1027.3909019502835
2017,lightgbm,0.08378153935121607,0.645,1035.2844857006785
2017,lightgbm,0.08442873371936857,0.65,1040.4270297518979
2017,lightgbm,0.08513916108373931,0.655,1045.8570028604959
2017,lightgbm,0.08586253954527946,0.66,1051.671580494985
2017,lightgbm,0.08655631226203868,0.665,1057.09332509395
2017,lightgbm,0.08727735088620903,0.67,1062.1918272433434
2017,lightgbm,0.08801608665095134,0.675,1068.9720905135396
2017,lightgbm,0.08871824456247254,0.68,1072.3583483224236
2017,lightgbm,0.08941057954867826,0.685,1076.0445757008833
2017,lightgbm,0.09022991693888766,0.69,1080.8636608912743
2017,lightgbm,0.09104473516569109,0.695,1084.5218889453595
2017,lightgbm,0.0918283284300713,0.7,1090.3941259646895
2017,lightgbm,0.09265291730526369,0.705,1097.441834331211
2017,lightgbm,0.09343671254963802,0.71,1101.148397498839
2017,lightgbm,0.09428274368965793,0.715,1105.2225179652837
2017,lightgbm,0.0950858436464597,0.72,1110.2594413509478
2017,lightgbm,0.09590165401838935,0.725,1114.3326081535174
2017,lightgbm,0.09680065807907125,0.73,1116.968697663768
2017,lightgbm,0.09760214855913212,0.735,1120.651769173987
2017,lightgbm,0.09849103380448154,0.74,1125.8215758426043
2017,lightgbm,0.09937233800914796,0.745,1130.1651905273716
2017,lightgbm,0.10026185821421937,0.75,1133.7792183763013
2017,lightgbm,0.1011633377671576,0.755,1138.5492755342298
2017,lightgbm,0.10208345000998383,0.76,1140.5515473204869
2017,lightgbm,0.103018943245921,0.765,1144.6180600845498
2017,lightgbm,0.10402097214645996,0.77,1146.4394012272694
2017,lightgbm,0.10509635984003747,0.775,1151.0519460843304
2017,lightgbm,0.10615120263016961,0.78,1154.2962109452455
2017,lightgbm,0.10719059011069433,0.785,1158.8715566596345
2017,lightgbm,0.10821141468891551,0.79,1162.0706376650833
2017,lightgbm,0.10931769912852073,0.795,1165.0661899643403
2017,lightgbm,0.11046963446025215,0.8,1166.7668687852733
2017,lightgbm,0.11165745244309318,0.805,1167.1936018698652
2017,lightgbm,0.11275988978254194,0.81,1169.7348129223521
2017,lightgbm,0.11403059106383337,0.815,1173.5909282118023
2017,lightgbm,0.11532880990483707,0.82,1177.0116833486738
2017,lightgbm,0.11664991760216777,0.825,1179.0339849859004
2017,lightgbm,0.11799935948326405,0.83,1181.9705163578358
2017,lightgbm,0.11930778859063687,0.835,1184.4739436650407
2017,lightgbm,0.12070142528004867,0.84,1187.9210611191897
2017,lightgbm,0.12220013582205103,0.845,1190.2219107299236
2017,lightgbm,0.12355378398298915,0.85,1191.399988116271
2017,lightgbm,0.12511959851401003,0.855,1192.1829367364073
2017,lightgbm,0.12660240383269117,0.86,1196.9576548754053
2017,lightgbm,0.12828900329588208,0.865,1199.040011123923
2017,lightgbm,0.13001651040281084,0.87,1201.4990988800728
2017,lightgbm,0.13195893900348538,0.875,1202.633306630943
2017,lightgbm,0.13371701225427973,0.88,1205.2649962552605
2017,lightgbm,0.1357391869640326,0.885,1207.0823236502524
2017,lightgbm,0.13781112263055348,0.89,1207.452458681642
2017,lightgbm,0.13983702428723588,0.895,1210.3491177374376
2017,lightgbm,0.14215926640806828,0.9,1210.929180744682
2017,lightgbm,0.14442174466009988,0.905,1213.1953103350315
2017,lightgbm,0.14670945720051953,0.91,1216.130253259492
2017,lightgbm,0.1494824925208411,0.915,1216.601242992857
2017,lightgbm,0.15209261587676487,0.92,1217.112555096542
2017,lightgbm,0.15519597909838956,0.925,1218.09929025972
2017,lightgbm,0.15841486343035838,0.93,1218.5642050238066
2017,lightgbm,0.1617322019102711,0.935,1222.22872993554
2017,lightgbm,0.16538996609646023,0.94,1223.4200757531
2017,lightgbm,0.16936828820329242,0.945,1223.9807339321871
2017,lightgbm,0.1737566654880924,0.95,1224.4004189183158
2017,lightgbm,0.17886887594970394,0.955,1224.7852356280362
2017,lightgbm,0.18421630986574147,0.96,1224.4570225226184
2017,lightgbm,0.1903533678440193,0.965,1221.1622679497937
2017,lightgbm,0.19759992399197263,0.97,1220.8549129126643
2017,lightgbm,0.20594573563871577,0.975,1220.5338751402048
2017,lightgbm,0.21699699254992375,0.98,1215.9564341673183
2017,lightgbm,0.2302981547168823,0.985,1212.5882299460404
2017,lightgbm,0.24947436806393175,0.99,1206.779188400763
2017,lightgbm,0.28631907102698134,0.995,1204.023972713314
2017,lightgbm,0.6448300595346821,1.0,1202.6394451579688
