feature,shap_importance,perm_importance,shap_rank,perm_rank,rank_gap,fold,model
addr_state,0.15364312656163115,-0.0022028699209086624,3.0,96.0,93.0,2014,logistic_woe
revol_bal,0.07140278978226935,-0.000775272134235408,13.0,95.0,82.0,2014,logistic_woe
revol_util,0.06983179049779142,-0.0004362169262278781,14.0,94.0,80.0,2014,logistic_woe
total_acc,0.03560676134573957,-0.00014129571021574138,18.0,92.0,74.0,2014,logistic_woe
mths_since_last_record,0.0030613366070925976,-0.00018527999668179474,20.0,93.0,73.0,2014,logistic_woe
term,0.0798491130879728,0.0034222841319781344,12.0,4.0,8.0,2014,logistic_woe
open_acc,0.08905753694467015,0.0002522542952616169,9.0,15.0,6.0,2014,logistic_woe
credit_history_months,0.05308664361593245,0.0019386029076312234,15.0,9.0,6.0,2014,logistic_woe
collections_12_mths_ex_med,0.0,0.0,23.0,18.0,5.0,2014,logistic_woe
bc_open_to_buy,0.0,0.0,23.0,18.0,5.0,2014,logistic_woe
acc_open_past_24mths,0.0,0.0,23.0,18.0,5.0,2014,logistic_woe
acc_now_delinq,0.0,0.0,23.0,18.0,5.0,2014,logistic_woe
annual_inc_joint,0.0,0.0,23.0,18.0,5.0,2014,logistic_woe
application_type,0.0,0.0,23.0,18.0,5.0,2014,logistic_woe
avg_cur_bal,0.0,0.0,23.0,18.0,5.0,2014,logistic_woe
all_util,0.0,0.0,23.0,18.0,5.0,2014,logistic_woe
mo_sin_old_rev_tl_op,0.0,0.0,23.0,18.0,5.0,2014,logistic_woe
initial_list_status,0.0,0.0,23.0,18.0,5.0,2014,logistic_woe
il_util,0.0,0.0,23.0,18.0,5.0,2014,logistic_woe
home_ownership,0.0025393317296079363,5.742047518154103e-05,21.0,16.0,5.0,2014,logistic_woe
max_bal_bc,0.0,0.0,23.0,18.0,5.0,2014,logistic_woe
inq_last_6mths,0.1180692306998618,0.004241632103167145,7.0,2.0,5.0,2014,logistic_woe
inq_last_12m,0.0,0.0,23.0,18.0,5.0,2014,logistic_woe
inq_fi,0.0,0.0,23.0,18.0,5.0,2014,logistic_woe
mo_sin_rcnt_rev_tl_op,0.0,0.0,23.0,18.0,5.0,2014,logistic_woe
mo_sin_old_il_acct,0.0,0.0,23.0,18.0,5.0,2014,logistic_woe
chargeoff_within_12_mths,0.0,0.0,23.0,18.0,5.0,2014,logistic_woe
bc_util,0.0,0.0,23.0,18.0,5.0,2014,logistic_woe
delinq_amnt,0.0,0.0,23.0,18.0,5.0,2014,logistic_woe
delinq_2yrs,0.0003166358231412415,4.181324011259813e-06,22.0,17.0,5.0,2014,logistic_woe
disbursement_method,0.0,0.0,23.0,18.0,5.0,2014,logistic_woe
dti_joint,0.0,0.0,23.0,18.0,5.0,2014,logistic_woe
total_bal_ex_mort,0.0,0.0,23.0,18.0,5.0,2014,logistic_woe
pct_tl_nvr_dlq,0.0,0.0,23.0,18.0,5.0,2014,logistic_woe
open_rv_12m,0.0,0.0,23.0,18.0,5.0,2014,logistic_woe
open_rv_24m,0.0,0.0,23.0,18.0,5.0,2014,logistic_woe
revol_bal_joint,0.0,0.0,23.0,18.0,5.0,2014,logistic_woe
pub_rec_bankruptcies,0.044083334898220604,0.001451992585193368,16.0,11.0,5.0,2014,logistic_woe
mths_since_last_major_derog,0.0,0.0,23.0,18.0,5.0,2014,logistic_woe
mo_sin_rcnt_tl,0.0,0.0,23.0,18.0,5.0,2014,logistic_woe
num_actv_rev_tl,0.0,0.0,23.0,18.0,5.0,2014,logistic_woe
mths_since_recent_revol_delinq,0.0,0.0,23.0,18.0,5.0,2014,logistic_woe
num_accts_ever_120_pd,0.0,0.0,23.0,18.0,5.0,2014,logistic_woe
num_actv_bc_tl,0.0,0.0,23.0,18.0,5.0,2014,logistic_woe
mths_since_recent_bc,0.0,0.0,23.0,18.0,5.0,2014,logistic_woe
mths_since_rcnt_il,0.0,0.0,23.0,18.0,5.0,2014,logistic_woe
mths_since_recent_bc_dlq,0.0,0.0,23.0,18.0,5.0,2014,logistic_woe
mort_acc,0.0,0.0,23.0,18.0,5.0,2014,logistic_woe
num_tl_op_past_12m,0.0,0.0,23.0,18.0,5.0,2014,logistic_woe
num_op_rev_tl,0.0,0.0,23.0,18.0,5.0,2014,logistic_woe
num_rev_tl_bal_gt_0,0.0,0.0,23.0,18.0,5.0,2014,logistic_woe
num_rev_accts,0.0,0.0,23.0,18.0,5.0,2014,logistic_woe
num_tl_120dpd_2m,0.0,0.0,23.0,18.0,5.0,2014,logistic_woe
num_tl_30dpd,0.0,0.0,23.0,18.0,5.0,2014,logistic_woe
num_tl_90g_dpd_24m,0.0,0.0,23.0,18.0,5.0,2014,logistic_woe
num_sats,0.0,0.0,23.0,18.0,5.0,2014,logistic_woe
open_il_24m,0.0,0.0,23.0,18.0,5.0,2014,logistic_woe
open_acc_6m,0.0,0.0,23.0,18.0,5.0,2014,logistic_woe
open_act_il,0.0,0.0,23.0,18.0,5.0,2014,logistic_woe
open_il_12m,0.0,0.0,23.0,18.0,5.0,2014,logistic_woe
num_bc_tl,0.0,0.0,23.0,18.0,5.0,2014,logistic_woe
num_bc_sats,0.0,0.0,23.0,18.0,5.0,2014,logistic_woe
num_il_tl,0.0,0.0,23.0,18.0,5.0,2014,logistic_woe
mths_since_recent_inq,0.0,0.0,23.0,18.0,5.0,2014,logistic_woe
total_il_high_credit_limit,0.0,0.0,23.0,18.0,5.0,2014,logistic_woe
sec_app_open_acc,0.0,0.0,23.0,18.0,5.0,2014,logistic_woe
sec_app_revol_util,0.0,0.0,23.0,18.0,5.0,2014,logistic_woe
sec_app_open_act_il,0.0,0.0,23.0,18.0,5.0,2014,logistic_woe
tax_liens,0.0,0.0,23.0,18.0,5.0,2014,logistic_woe
tot_coll_amt,0.0,0.0,23.0,18.0,5.0,2014,logistic_woe
percent_bc_gt_75,0.0,0.0,23.0,18.0,5.0,2014,logistic_woe
pub_rec,0.022967272955959905,0.0007160776112632106,19.0,14.0,5.0,2014,logistic_woe
sec_app_mort_acc,0.0,0.0,23.0,18.0,5.0,2014,logistic_woe
sec_app_fico_range_high,0.0,0.0,23.0,18.0,5.0,2014,logistic_woe
sec_app_fico_range_low,0.0,0.0,23.0,18.0,5.0,2014,logistic_woe
sec_app_inq_last_6mths,0.0,0.0,23.0,18.0,5.0,2014,logistic_woe
sec_app_num_rev_accts,0.0,0.0,23.0,18.0,5.0,2014,logistic_woe
sec_app_mths_since_last_major_derog,0.0,0.0,23.0,18.0,5.0,2014,logistic_woe
sec_app_chargeoff_within_12_mths,0.0,0.0,23.0,18.0,5.0,2014,logistic_woe
sec_app_collections_12_mths_ex_med,0.0,0.0,23.0,18.0,5.0,2014,logistic_woe
verification_status,0.03846099328698037,0.001090840403411511,17.0,12.0,5.0,2014,logistic_woe
total_bal_il,0.0,0.0,23.0,18.0,5.0,2014,logistic_woe
total_bc_limit,0.0,0.0,23.0,18.0,5.0,2014,logistic_woe
total_cu_tl,0.0,0.0,23.0,18.0,5.0,2014,logistic_woe
verification_status_joint,0.0,0.0,23.0,18.0,5.0,2014,logistic_woe
total_rev_hi_lim,0.0,0.0,23.0,18.0,5.0,2014,logistic_woe
tot_cur_bal,0.0,0.0,23.0,18.0,5.0,2014,logistic_woe
tot_hi_cred_lim,0.0,0.0,23.0,18.0,5.0,2014,logistic_woe
loan_amnt,0.22179031485868939,0.0029213501903436355,1.0,5.0,4.0,2014,logistic_woe
fico_range_low,0.12968051112247783,0.0025874414173639284,5.0,8.0,3.0,2014,logistic_woe
purpose,0.14036182699075778,0.004524751613477948,4.0,1.0,3.0,2014,logistic_woe
fico_range_high,0.12968051112247783,0.002709038632667471,5.0,7.0,2.0,2014,logistic_woe
emp_length,0.1035330926255434,0.0027401099955249113,8.0,6.0,2.0,2014,logistic_woe
dti,0.08330674488588284,0.0008020338195780907,11.0,13.0,2.0,2014,logistic_woe
annual_inc,0.15554685132171678,0.0039048270077355783,2.0,3.0,1.0,2014,logistic_woe
mths_since_last_delinq,0.08865015059944752,0.0016033308898735805,10.0,10.0,0.0,2014,logistic_woe
dti,0.14297580791559836,-0.007158265036369754,7.0,96.0,89.0,2014,lightgbm
term,0.04291308802813959,-0.00010199345929684522,16.0,94.0,78.0,2014,lightgbm
verification_status,0.0365861861104784,-0.00035322428691907657,17.0,95.0,78.0,2014,lightgbm
mths_since_last_record,0.05490237610143328,0.005885791908404247,14.0,5.0,9.0,2014,lightgbm
pub_rec_bankruptcies,0.013543470921722926,0.0015106924731294491,19.0,13.0,6.0,2014,lightgbm
addr_state,0.3036253067277596,0.003781835786287438,2.0,8.0,6.0,2014,lightgbm
emp_length,0.11033883984704879,0.0008436196856863448,9.0,15.0,6.0,2014,lightgbm
acc_now_delinq,0.0,0.0,24.0,19.0,5.0,2014,lightgbm
delinq_amnt,0.0,0.0,24.0,19.0,5.0,2014,lightgbm
bc_util,0.0,0.0,24.0,19.0,5.0,2014,lightgbm
collections_12_mths_ex_med,0.0,0.0,24.0,19.0,5.0,2014,lightgbm
disbursement_method,0.0,0.0,24.0,19.0,5.0,2014,lightgbm
annual_inc_joint,0.0,0.0,24.0,19.0,5.0,2014,lightgbm
application_type,0.0,0.0,24.0,19.0,5.0,2014,lightgbm
acc_open_past_24mths,0.0,0.0,24.0,19.0,5.0,2014,lightgbm
all_util,0.0,0.0,24.0,19.0,5.0,2014,lightgbm
mo_sin_old_rev_tl_op,0.0,0.0,24.0,19.0,5.0,2014,lightgbm
mo_sin_rcnt_rev_tl_op,0.0,0.0,24.0,19.0,5.0,2014,lightgbm
mo_sin_old_il_acct,0.0,0.0,24.0,19.0,5.0,2014,lightgbm
max_bal_bc,0.0,0.0,24.0,19.0,5.0,2014,lightgbm
initial_list_status,0.0,0.0,24.0,19.0,5.0,2014,lightgbm
il_util,0.0,0.0,24.0,19.0,5.0,2014,lightgbm
inq_last_12m,0.0,0.0,24.0,19.0,5.0,2014,lightgbm
inq_fi,0.0,0.0,24.0,19.0,5.0,2014,lightgbm
mort_acc,0.0,0.0,24.0,19.0,5.0,2014,lightgbm
mths_since_last_major_derog,0.0,0.0,24.0,19.0,5.0,2014,lightgbm
mo_sin_rcnt_tl,0.0,0.0,24.0,19.0,5.0,2014,lightgbm
mths_since_recent_bc,0.0,0.0,24.0,19.0,5.0,2014,lightgbm
fico_range_low,0.0,0.0,24.0,19.0,5.0,2014,lightgbm
dti_joint,0.0,0.0,24.0,19.0,5.0,2014,lightgbm
avg_cur_bal,0.0,0.0,24.0,19.0,5.0,2014,lightgbm
bc_open_to_buy,0.0,0.0,24.0,19.0,5.0,2014,lightgbm
total_cu_tl,0.0,0.0,24.0,19.0,5.0,2014,lightgbm
pct_tl_nvr_dlq,0.0,0.0,24.0,19.0,5.0,2014,lightgbm
open_rv_12m,0.0,0.0,24.0,19.0,5.0,2014,lightgbm
percent_bc_gt_75,0.0,0.0,24.0,19.0,5.0,2014,lightgbm
sec_app_inq_last_6mths,0.0,0.0,24.0,19.0,5.0,2014,lightgbm
sec_app_fico_range_low,0.0,0.0,24.0,19.0,5.0,2014,lightgbm
sec_app_chargeoff_within_12_mths,0.0,0.0,24.0,19.0,5.0,2014,lightgbm
revol_bal_joint,0.0,0.0,24.0,19.0,5.0,2014,lightgbm
num_actv_rev_tl,0.0,0.0,24.0,19.0,5.0,2014,lightgbm
mths_since_recent_revol_delinq,0.0,0.0,24.0,19.0,5.0,2014,lightgbm
num_accts_ever_120_pd,0.0,0.0,24.0,19.0,5.0,2014,lightgbm
num_actv_bc_tl,0.0,0.0,24.0,19.0,5.0,2014,lightgbm
num_bc_tl,0.0,0.0,24.0,19.0,5.0,2014,lightgbm
mths_since_rcnt_il,0.0,0.0,24.0,19.0,5.0,2014,lightgbm
mths_since_recent_bc_dlq,0.0,0.0,24.0,19.0,5.0,2014,lightgbm
mths_since_recent_inq,0.0,0.0,24.0,19.0,5.0,2014,lightgbm
open_acc,0.04900231872886309,0.003214336197205825,15.0,10.0,5.0,2014,lightgbm
num_rev_accts,0.0,0.0,24.0,19.0,5.0,2014,lightgbm
num_rev_tl_bal_gt_0,0.0,0.0,24.0,19.0,5.0,2014,lightgbm
num_sats,0.0,0.0,24.0,19.0,5.0,2014,lightgbm
num_tl_120dpd_2m,0.0,0.0,24.0,19.0,5.0,2014,lightgbm
num_tl_30dpd,0.0,0.0,24.0,19.0,5.0,2014,lightgbm
num_tl_90g_dpd_24m,0.0,0.0,24.0,19.0,5.0,2014,lightgbm
num_tl_op_past_12m,0.0,0.0,24.0,19.0,5.0,2014,lightgbm
open_il_24m,0.0,0.0,24.0,19.0,5.0,2014,lightgbm
open_acc_6m,0.0,0.0,24.0,19.0,5.0,2014,lightgbm
open_act_il,0.0,0.0,24.0,19.0,5.0,2014,lightgbm
open_il_12m,0.0,0.0,24.0,19.0,5.0,2014,lightgbm
open_rv_24m,0.0,0.0,24.0,19.0,5.0,2014,lightgbm
num_bc_sats,0.0,0.0,24.0,19.0,5.0,2014,lightgbm
num_il_tl,0.0,0.0,24.0,19.0,5.0,2014,lightgbm
num_op_rev_tl,0.0,0.0,24.0,19.0,5.0,2014,lightgbm
total_rev_hi_lim,0.0,0.0,24.0,19.0,5.0,2014,lightgbm
total_il_high_credit_limit,0.0,0.0,24.0,19.0,5.0,2014,lightgbm
total_bc_limit,0.0,0.0,24.0,19.0,5.0,2014,lightgbm
total_bal_il,0.0,0.0,24.0,19.0,5.0,2014,lightgbm
tot_hi_cred_lim,0.0,0.0,24.0,19.0,5.0,2014,lightgbm
tot_cur_bal,0.0,0.0,24.0,19.0,5.0,2014,lightgbm
total_bal_ex_mort,0.0,0.0,24.0,19.0,5.0,2014,lightgbm
tot_coll_amt,0.0,0.0,24.0,19.0,5.0,2014,lightgbm
sec_app_mort_acc,0.0,0.0,24.0,19.0,5.0,2014,lightgbm
sec_app_mths_since_last_major_derog,0.0,0.0,24.0,19.0,5.0,2014,lightgbm
sec_app_num_rev_accts,0.0,0.0,24.0,19.0,5.0,2014,lightgbm
sec_app_open_acc,0.0,0.0,24.0,19.0,5.0,2014,lightgbm
sec_app_open_act_il,0.0,0.0,24.0,19.0,5.0,2014,lightgbm
sec_app_revol_util,0.0,0.0,24.0,19.0,5.0,2014,lightgbm
sec_app_fico_range_high,0.0,0.0,24.0,19.0,5.0,2014,lightgbm
sec_app_collections_12_mths_ex_med,0.0,0.0,24.0,19.0,5.0,2014,lightgbm
verification_status_joint,0.0,0.0,24.0,19.0,5.0,2014,lightgbm
chargeoff_within_12_mths,0.0003503396068315942,0.0,23.0,19.0,4.0,2014,lightgbm
home_ownership,0.003671770778935807,7.63482110364283e-05,21.0,17.0,4.0,2014,lightgbm
loan_amnt,0.2192645078221089,0.013095908020381731,5.0,1.0,4.0,2014,lightgbm
tax_liens,0.0010115930895204543,0.0,22.0,19.0,3.0,2014,lightgbm
delinq_2yrs,0.01817676590671353,0.00012989232301752472,18.0,16.0,2.0,2014,lightgbm
revol_bal,0.07355981905502305,0.0017678120863119178,13.0,11.0,2.0,2014,lightgbm
fico_range_high,0.40702011186038883,0.011582943787000536,1.0,3.0,2.0,2014,lightgbm
total_acc,0.07622036744162479,0.0009668502485700586,12.0,14.0,2.0,2014,lightgbm
pub_rec,0.006117449744123316,5.8919033640686404e-05,20.0,18.0,2.0,2014,lightgbm
annual_inc,0.30317272840330906,0.012029841968102709,3.0,2.0,1.0,2014,lightgbm
credit_history_months,0.14221684134707804,0.0038655571934266635,8.0,7.0,1.0,2014,lightgbm
revol_util,0.1030072329844668,0.0017419390042469618,11.0,12.0,1.0,2014,lightgbm
mths_since_last_delinq,0.10620676362590102,0.0036082378625460045,10.0,9.0,1.0,2014,lightgbm
inq_last_6mths,0.23756968326835254,0.006740936973433448,4.0,4.0,0.0,2014,lightgbm
purpose,0.1468045086431357,0.004773539386821987,6.0,6.0,0.0,2014,lightgbm
revol_util,0.09377718556459072,-0.001915918772486741,9.0,96.0,87.0,2015,logistic_woe
open_acc,0.02628307120331592,-0.00023387243731582964,16.0,95.0,79.0,2015,logistic_woe
total_acc,0.02114773143887766,-0.0001794458881545724,17.0,93.0,76.0,2015,logistic_woe
pub_rec,0.011792274249176038,-0.00022822008193523202,19.0,94.0,75.0,2015,logistic_woe
mths_since_last_record,0.008089878123554429,-7.572326360539838e-05,21.0,92.0,71.0,2015,logistic_woe
home_ownership,0.0032108212300547556,9.890125422765128e-05,22.0,16.0,6.0,2015,logistic_woe
all_util,0.0,0.0,23.0,18.0,5.0,2015,logistic_woe
acc_now_delinq,0.0,0.0,23.0,18.0,5.0,2015,logistic_woe
credit_history_months,0.061449754261797454,0.0029837136485232397,12.0,7.0,5.0,2015,logistic_woe
delinq_amnt,0.0,0.0,23.0,18.0,5.0,2015,logistic_woe
chargeoff_within_12_mths,0.0,0.0,23.0,18.0,5.0,2015,logistic_woe
acc_open_past_24mths,0.0,0.0,23.0,18.0,5.0,2015,logistic_woe
avg_cur_bal,0.0,0.0,23.0,18.0,5.0,2015,logistic_woe
application_type,0.0,0.0,23.0,18.0,5.0,2015,logistic_woe
bc_util,0.0,0.0,23.0,18.0,5.0,2015,logistic_woe
annual_inc_joint,0.0,0.0,23.0,18.0,5.0,2015,logistic_woe
mo_sin_old_rev_tl_op,0.0,0.0,23.0,18.0,5.0,2015,logistic_woe
mo_sin_rcnt_rev_tl_op,0.0,0.0,23.0,18.0,5.0,2015,logistic_woe
max_bal_bc,0.0,0.0,23.0,18.0,5.0,2015,logistic_woe
il_util,0.0,0.0,23.0,18.0,5.0,2015,logistic_woe
initial_list_status,0.0,0.0,23.0,18.0,5.0,2015,logistic_woe
mo_sin_old_il_acct,0.0,0.0,23.0,18.0,5.0,2015,logistic_woe
inq_last_12m,0.0,0.0,23.0,18.0,5.0,2015,logistic_woe
inq_fi,0.0,0.0,23.0,18.0,5.0,2015,logistic_woe
mo_sin_rcnt_tl,0.0,0.0,23.0,18.0,5.0,2015,logistic_woe
mths_since_last_major_derog,0.0,0.0,23.0,18.0,5.0,2015,logistic_woe
mths_since_recent_bc,0.0,0.0,23.0,18.0,5.0,2015,logistic_woe
collections_12_mths_ex_med,0.0,0.0,23.0,18.0,5.0,2015,logistic_woe
disbursement_method,0.0,0.0,23.0,18.0,5.0,2015,logistic_woe
fico_range_low,0.1365161828640469,0.002692812105064063,4.0,9.0,5.0,2015,logistic_woe
dti_joint,0.0,0.0,23.0,18.0,5.0,2015,logistic_woe
bc_open_to_buy,0.0,0.0,23.0,18.0,5.0,2015,logistic_woe
total_il_high_credit_limit,0.0,0.0,23.0,18.0,5.0,2015,logistic_woe
pct_tl_nvr_dlq,0.0,0.0,23.0,18.0,5.0,2015,logistic_woe
open_rv_12m,0.0,0.0,23.0,18.0,5.0,2015,logistic_woe
revol_bal_joint,0.0,0.0,23.0,18.0,5.0,2015,logistic_woe
sec_app_chargeoff_within_12_mths,0.0,0.0,23.0,18.0,5.0,2015,logistic_woe
sec_app_fico_range_low,0.0,0.0,23.0,18.0,5.0,2015,logistic_woe
sec_app_fico_range_high,0.0,0.0,23.0,18.0,5.0,2015,logistic_woe
percent_bc_gt_75,0.0,0.0,23.0,18.0,5.0,2015,logistic_woe
num_actv_rev_tl,0.0,0.0,23.0,18.0,5.0,2015,logistic_woe
mths_since_recent_revol_delinq,0.0,0.0,23.0,18.0,5.0,2015,logistic_woe
num_accts_ever_120_pd,0.0,0.0,23.0,18.0,5.0,2015,logistic_woe
num_actv_bc_tl,0.0,0.0,23.0,18.0,5.0,2015,logistic_woe
num_bc_tl,0.0,0.0,23.0,18.0,5.0,2015,logistic_woe
mths_since_rcnt_il,0.0,0.0,23.0,18.0,5.0,2015,logistic_woe
mths_since_recent_bc_dlq,0.0,0.0,23.0,18.0,5.0,2015,logistic_woe
mort_acc,0.0,0.0,23.0,18.0,5.0,2015,logistic_woe
num_tl_op_past_12m,0.0,0.0,23.0,18.0,5.0,2015,logistic_woe
num_op_rev_tl,0.0,0.0,23.0,18.0,5.0,2015,logistic_woe
num_rev_tl_bal_gt_0,0.0,0.0,23.0,18.0,5.0,2015,logistic_woe
num_rev_accts,0.0,0.0,23.0,18.0,5.0,2015,logistic_woe
num_tl_120dpd_2m,0.0,0.0,23.0,18.0,5.0,2015,logistic_woe
num_tl_30dpd,0.0,0.0,23.0,18.0,5.0,2015,logistic_woe
num_tl_90g_dpd_24m,0.0,0.0,23.0,18.0,5.0,2015,logistic_woe
num_sats,0.0,0.0,23.0,18.0,5.0,2015,logistic_woe
open_il_24m,0.0,0.0,23.0,18.0,5.0,2015,logistic_woe
open_acc_6m,0.0,0.0,23.0,18.0,5.0,2015,logistic_woe
open_act_il,0.0,0.0,23.0,18.0,5.0,2015,logistic_woe
open_il_12m,0.0,0.0,23.0,18.0,5.0,2015,logistic_woe
open_rv_24m,0.0,0.0,23.0,18.0,5.0,2015,logistic_woe
num_bc_sats,0.0,0.0,23.0,18.0,5.0,2015,logistic_woe
num_il_tl,0.0,0.0,23.0,18.0,5.0,2015,logistic_woe
mths_since_recent_inq,0.0,0.0,23.0,18.0,5.0,2015,logistic_woe
verification_status_joint,0.0,0.0,23.0,18.0,5.0,2015,logistic_woe
total_bal_il,0.0,0.0,23.0,18.0,5.0,2015,logistic_woe
total_bc_limit,0.0,0.0,23.0,18.0,5.0,2015,logistic_woe
sec_app_revol_util,0.0,0.0,23.0,18.0,5.0,2015,logistic_woe
tot_cur_bal,0.0,0.0,23.0,18.0,5.0,2015,logistic_woe
tot_coll_amt,0.0,0.0,23.0,18.0,5.0,2015,logistic_woe
tot_hi_cred_lim,0.0,0.0,23.0,18.0,5.0,2015,logistic_woe
total_bal_ex_mort,0.0,0.0,23.0,18.0,5.0,2015,logistic_woe
sec_app_mort_acc,0.0,0.0,23.0,18.0,5.0,2015,logistic_woe
sec_app_mths_since_last_major_derog,0.0,0.0,23.0,18.0,5.0,2015,logistic_woe
sec_app_num_rev_accts,0.0,0.0,23.0,18.0,5.0,2015,logistic_woe
sec_app_inq_last_6mths,0.0,0.0,23.0,18.0,5.0,2015,logistic_woe
sec_app_open_acc,0.0,0.0,23.0,18.0,5.0,2015,logistic_woe
tax_liens,0.0,0.0,23.0,18.0,5.0,2015,logistic_woe
sec_app_open_act_il,0.0,0.0,23.0,18.0,5.0,2015,logistic_woe
sec_app_collections_12_mths_ex_med,0.0,0.0,23.0,18.0,5.0,2015,logistic_woe
total_cu_tl,0.0,0.0,23.0,18.0,5.0,2015,logistic_woe
total_rev_hi_lim,0.0,0.0,23.0,18.0,5.0,2015,logistic_woe
addr_state,0.1196345837087101,0.001271690021098737,8.0,12.0,4.0,2015,logistic_woe
emp_length,0.06851384318560282,0.002727816328754895,11.0,8.0,3.0,2015,logistic_woe
dti,0.05158157859292458,0.0024106052623033836,13.0,10.0,3.0,2015,logistic_woe
delinq_2yrs,0.009806445668628391,5.5680080214470796e-05,20.0,17.0,3.0,2015,logistic_woe
annual_inc,0.20420818811103195,0.007075577199739269,1.0,4.0,3.0,2015,logistic_woe
inq_last_6mths,0.13206820442378317,0.008285698243511797,6.0,3.0,3.0,2015,logistic_woe
verification_status,0.01330917263699495,0.00045272517026170855,18.0,15.0,3.0,2015,logistic_woe
fico_range_high,0.1365161828640469,0.003668162402266156,4.0,6.0,2.0,2015,logistic_woe
loan_amnt,0.12782236154762472,0.006598733747217473,7.0,5.0,2.0,2015,logistic_woe
pub_rec_bankruptcies,0.027845075559688785,0.0008234078689696777,15.0,13.0,2.0,2015,logistic_woe
purpose,0.16379711359261645,0.009583496051029561,3.0,1.0,2.0,2015,logistic_woe
revol_bal,0.08181338006271426,0.0013753782702914108,10.0,11.0,1.0,2015,logistic_woe
mths_since_last_delinq,0.0342995467675081,0.0005739536764782505,14.0,14.0,0.0,2015,logistic_woe
term,0.18191013867218112,0.008871322434652024,2.0,2.0,0.0,2015,logistic_woe
emp_length,0.0762509681384423,-0.0005428342314979018,10.0,95.0,85.0,2015,lightgbm
verification_status,0.025811237456243367,-0.002112895309311291,17.0,96.0,79.0,2015,lightgbm
pub_rec,0.008937674466676026,-0.00012177177128195882,19.0,94.0,75.0,2015,lightgbm
revol_util,0.11366642607245109,0.0005344791506699809,8.0,14.0,6.0,2015,lightgbm
term,0.14305013489668078,0.0015771275901967808,6.0,12.0,6.0,2015,lightgbm
acc_now_delinq,0.0,0.0,24.0,19.0,5.0,2015,lightgbm
all_util,0.0,0.0,24.0,19.0,5.0,2015,lightgbm
acc_open_past_24mths,0.0,0.0,24.0,19.0,5.0,2015,lightgbm
delinq_amnt,0.0,0.0,24.0,19.0,5.0,2015,lightgbm
delinq_2yrs,0.005784209372904622,0.0004185568385592142,20.0,15.0,5.0,2015,lightgbm
collections_12_mths_ex_med,0.0,0.0,24.0,19.0,5.0,2015,lightgbm
credit_history_months,0.1018680825068301,0.00826105104155847,9.0,4.0,5.0,2015,lightgbm
avg_cur_bal,0.0,0.0,24.0,19.0,5.0,2015,lightgbm
application_type,0.0,0.0,24.0,19.0,5.0,2015,lightgbm
bc_util,0.0,0.0,24.0,19.0,5.0,2015,lightgbm
annual_inc_joint,0.0,0.0,24.0,19.0,5.0,2015,lightgbm
mo_sin_old_rev_tl_op,0.0,0.0,24.0,19.0,5.0,2015,lightgbm
mo_sin_rcnt_rev_tl_op,0.0,0.0,24.0,19.0,5.0,2015,lightgbm
max_bal_bc,0.0,0.0,24.0,19.0,5.0,2015,lightgbm
fico_range_low,0.0,0.0,24.0,19.0,5.0,2015,lightgbm
initial_list_status,0.0,0.0,24.0,19.0,5.0,2015,lightgbm
mo_sin_old_il_acct,0.0,0.0,24.0,19.0,5.0,2015,lightgbm
inq_last_12m,0.0,0.0,24.0,19.0,5.0,2015,lightgbm
inq_fi,0.0,0.0,24.0,19.0,5.0,2015,lightgbm
mths_since_last_record,0.03681217942981552,0.0018893009021181463,15.0,10.0,5.0,2015,lightgbm
mths_since_last_major_derog,0.0,0.0,24.0,19.0,5.0,2015,lightgbm
mort_acc,0.0,0.0,24.0,19.0,5.0,2015,lightgbm
mo_sin_rcnt_tl,0.0,0.0,24.0,19.0,5.0,2015,lightgbm
disbursement_method,0.0,0.0,24.0,19.0,5.0,2015,lightgbm
il_util,0.0,0.0,24.0,19.0,5.0,2015,lightgbm
dti_joint,0.0,0.0,24.0,19.0,5.0,2015,lightgbm
bc_open_to_buy,0.0,0.0,24.0,19.0,5.0,2015,lightgbm
total_cu_tl,0.0,0.0,24.0,19.0,5.0,2015,lightgbm
total_il_high_credit_limit,0.0,0.0,24.0,19.0,5.0,2015,lightgbm
open_rv_12m,0.0,0.0,24.0,19.0,5.0,2015,lightgbm
pct_tl_nvr_dlq,0.0,0.0,24.0,19.0,5.0,2015,lightgbm
sec_app_chargeoff_within_12_mths,0.0,0.0,24.0,19.0,5.0,2015,lightgbm
sec_app_fico_range_low,0.0,0.0,24.0,19.0,5.0,2015,lightgbm
revol_bal_joint,0.0,0.0,24.0,19.0,5.0,2015,lightgbm
percent_bc_gt_75,0.0,0.0,24.0,19.0,5.0,2015,lightgbm
num_actv_rev_tl,0.0,0.0,24.0,19.0,5.0,2015,lightgbm
mths_since_recent_revol_delinq,0.0,0.0,24.0,19.0,5.0,2015,lightgbm
num_accts_ever_120_pd,0.0,0.0,24.0,19.0,5.0,2015,lightgbm
num_actv_bc_tl,0.0,0.0,24.0,19.0,5.0,2015,lightgbm
mths_since_recent_bc,0.0,0.0,24.0,19.0,5.0,2015,lightgbm
mths_since_rcnt_il,0.0,0.0,24.0,19.0,5.0,2015,lightgbm
mths_since_recent_bc_dlq,0.0,0.0,24.0,19.0,5.0,2015,lightgbm
mths_since_recent_inq,0.0,0.0,24.0,19.0,5.0,2015,lightgbm
open_acc_6m,0.0,0.0,24.0,19.0,5.0,2015,lightgbm
num_rev_accts,0.0,0.0,24.0,19.0,5.0,2015,lightgbm
num_rev_tl_bal_gt_0,0.0,0.0,24.0,19.0,5.0,2015,lightgbm
num_sats,0.0,0.0,24.0,19.0,5.0,2015,lightgbm
num_tl_120dpd_2m,0.0,0.0,24.0,19.0,5.0,2015,lightgbm
num_tl_30dpd,0.0,0.0,24.0,19.0,5.0,2015,lightgbm
num_tl_90g_dpd_24m,0.0,0.0,24.0,19.0,5.0,2015,lightgbm
num_tl_op_past_12m,0.0,0.0,24.0,19.0,5.0,2015,lightgbm
open_rv_24m,0.0,0.0,24.0,19.0,5.0,2015,lightgbm
open_act_il,0.0,0.0,24.0,19.0,5.0,2015,lightgbm
open_il_12m,0.0,0.0,24.0,19.0,5.0,2015,lightgbm
open_il_24m,0.0,0.0,24.0,19.0,5.0,2015,lightgbm
num_bc_tl,0.0,0.0,24.0,19.0,5.0,2015,lightgbm
num_bc_sats,0.0,0.0,24.0,19.0,5.0,2015,lightgbm
num_il_tl,0.0,0.0,24.0,19.0,5.0,2015,lightgbm
num_op_rev_tl,0.0,0.0,24.0,19.0,5.0,2015,lightgbm
total_rev_hi_lim,0.0,0.0,24.0,19.0,5.0,2015,lightgbm
verification_status_joint,0.0,0.0,24.0,19.0,5.0,2015,lightgbm
total_bc_limit,0.0,0.0,24.0,19.0,5.0,2015,lightgbm
sec_app_open_act_il,0.0,0.0,24.0,19.0,5.0,2015,lightgbm
tot_hi_cred_lim,0.0,0.0,24.0,19.0,5.0,2015,lightgbm
tot_cur_bal,0.0,0.0,24.0,19.0,5.0,2015,lightgbm
total_bal_ex_mort,0.0,0.0,24.0,19.0,5.0,2015,lightgbm
tot_coll_amt,0.0,0.0,24.0,19.0,5.0,2015,lightgbm
sec_app_mort_acc,0.0,0.0,24.0,19.0,5.0,2015,lightgbm
sec_app_mths_since_last_major_derog,0.0,0.0,24.0,19.0,5.0,2015,lightgbm
sec_app_num_rev_accts,0.0,0.0,24.0,19.0,5.0,2015,lightgbm
sec_app_inq_last_6mths,0.0,0.0,24.0,19.0,5.0,2015,lightgbm
sec_app_open_acc,0.0,0.0,24.0,19.0,5.0,2015,lightgbm
sec_app_revol_util,0.0,0.0,24.0,19.0,5.0,2015,lightgbm
sec_app_fico_range_high,0.0,0.0,24.0,19.0,5.0,2015,lightgbm
sec_app_collections_12_mths_ex_med,0.0,0.0,24.0,19.0,5.0,2015,lightgbm
total_bal_il,0.0,0.0,24.0,19.0,5.0,2015,lightgbm
mths_since_last_delinq,0.053022823477588736,8.322137701782806e-05,14.0,18.0,4.0,2015,lightgbm
revol_bal,0.06676683181479695,0.0029350056965938287,12.0,8.0,4.0,2015,lightgbm
addr_state,0.2338678074126616,0.0033817410381880575,3.0,7.0,4.0,2015,lightgbm
chargeoff_within_12_mths,0.00011809793797395502,0.0,23.0,19.0,4.0,2015,lightgbm
home_ownership,0.00539285269490033,0.00013388545389443894,21.0,17.0,4.0,2015,lightgbm
loan_amnt,0.19078254747144896,0.01334563485596929,5.0,2.0,3.0,2015,lightgbm
open_acc,0.03053120361898306,0.0014253703455223254,16.0,13.0,3.0,2015,lightgbm
tax_liens,0.0003686978178737166,0.0,22.0,19.0,3.0,2015,lightgbm
inq_last_6mths,0.192644367411284,0.005937050460649762,4.0,6.0,2.0,2015,lightgbm
fico_range_high,0.36528546642071574,0.00943284893703183,1.0,3.0,2.0,2015,lightgbm
dti,0.06697916017738392,0.002370912298338751,11.0,9.0,2.0,2015,lightgbm
purpose,0.1402436234256864,0.006439465011193873,7.0,5.0,2.0,2015,lightgbm
pub_rec_bankruptcies,0.009339363362219619,0.0003843139930764128,18.0,16.0,2.0,2015,lightgbm
total_acc,0.054536096979573956,0.0015996287831283318,13.0,11.0,2.0,2015,lightgbm
annual_inc,0.33946587733474887,0.015703894547670905,2.0,1.0,1.0,2015,lightgbm
total_il_high_credit_limit,0.08834390269216369,-0.002975460494458515,9.0,96.0,87.0,2016,logistic_woe
addr_state,0.08796728664656316,-0.0020778587096518643,10.0,95.0,85.0,2016,logistic_woe
num_sats,0.058038716103851,-0.00036748577923605976,15.0,90.0,75.0,2016,logistic_woe
mo_sin_old_il_acct,0.04743994738983478,-0.0008431141004249132,19.0,94.0,75.0,2016,logistic_woe
total_rev_hi_lim,0.0519004077699988,-0.0006811161322939852,18.0,93.0,75.0,2016,logistic_woe
open_acc,0.02796865874107995,-0.00025282090669475623,29.0,88.0,59.0,2016,logistic_woe
pub_rec,0.015589094627217701,-0.00045753491294946435,35.0,92.0,57.0,2016,logistic_woe
pub_rec_bankruptcies,0.01793779781473484,-0.00033203891799280514,32.0,89.0,57.0,2016,logistic_woe
bc_util,0.027176933291402902,-5.6127843841613514e-05,30.0,86.0,56.0,2016,logistic_woe
num_il_tl,0.011287861631836421,-0.00044366077177743213,38.0,91.0,53.0,2016,logistic_woe
tot_hi_cred_lim,0.0060044324749549925,-6.146100614556893e-05,42.0,87.0,45.0,2016,logistic_woe
num_actv_bc_tl,0.008997642556523019,-2.4591786193045584e-05,40.0,82.0,42.0,2016,logistic_woe
revol_bal,0.004235712747903107,-4.495130241324863e-05,44.0,84.0,40.0,2016,logistic_woe
tot_cur_bal,0.0017281398021470756,-3.504569204291208e-05,46.0,83.0,37.0,2016,logistic_woe
credit_history_months,0.0008993193960461487,-5.344014480005432e-05,48.0,85.0,37.0,2016,logistic_woe
num_accts_ever_120_pd,0.0010609371812691677,-2.395854337305936e-05,47.0,81.0,34.0,2016,logistic_woe
mths_since_rcnt_il,0.0,0.0,66.0,37.0,29.0,2016,logistic_woe
open_rv_24m,0.0,0.0,66.0,37.0,29.0,2016,logistic_woe
open_rv_12m,0.0,0.0,66.0,37.0,29.0,2016,logistic_woe
open_il_24m,0.0,0.0,66.0,37.0,29.0,2016,logistic_woe
application_type,0.0,0.0,66.0,37.0,29.0,2016,logistic_woe
disbursement_method,0.0,0.0,66.0,37.0,29.0,2016,logistic_woe
annual_inc_joint,0.0,0.0,66.0,37.0,29.0,2016,logistic_woe
all_util,0.0,0.0,66.0,37.0,29.0,2016,logistic_woe
il_util,0.0,0.0,66.0,37.0,29.0,2016,logistic_woe
inq_fi,0.0,0.0,66.0,37.0,29.0,2016,logistic_woe
max_bal_bc,0.0,0.0,66.0,37.0,29.0,2016,logistic_woe
inq_last_12m,0.0,0.0,66.0,37.0,29.0,2016,logistic_woe
dti_joint,0.0,0.0,66.0,37.0,29.0,2016,logistic_woe
sec_app_fico_range_low,0.0,0.0,66.0,37.0,29.0,2016,logistic_woe
sec_app_fico_range_high,0.0,0.0,66.0,37.0,29.0,2016,logistic_woe
sec_app_collections_12_mths_ex_med,0.0,0.0,66.0,37.0,29.0,2016,logistic_woe
total_cu_tl,0.0,0.0,66.0,37.0,29.0,2016,logistic_woe
sec_app_revol_util,0.0,0.0,66.0,37.0,29.0,2016,logistic_woe
open_act_il,0.0,0.0,66.0,37.0,29.0,2016,logistic_woe
sec_app_chargeoff_within_12_mths,0.0,0.0,66.0,37.0,29.0,2016,logistic_woe
sec_app_inq_last_6mths,0.0,0.0,66.0,37.0,29.0,2016,logistic_woe
sec_app_num_rev_accts,0.0,0.0,66.0,37.0,29.0,2016,logistic_woe
sec_app_mths_since_last_major_derog,0.0,0.0,66.0,37.0,29.0,2016,logistic_woe
sec_app_mort_acc,0.0,0.0,66.0,37.0,29.0,2016,logistic_woe
revol_bal_joint,0.0,0.0,66.0,37.0,29.0,2016,logistic_woe
open_acc_6m,0.0,0.0,66.0,37.0,29.0,2016,logistic_woe
total_bal_il,0.0,0.0,66.0,37.0,29.0,2016,logistic_woe
open_il_12m,0.0,0.0,66.0,37.0,29.0,2016,logistic_woe
sec_app_open_acc,0.0,0.0,66.0,37.0,29.0,2016,logistic_woe
sec_app_open_act_il,0.0,0.0,66.0,37.0,29.0,2016,logistic_woe
verification_status_joint,0.0,0.0,66.0,37.0,29.0,2016,logistic_woe
num_actv_rev_tl,0.0003211048935852591,-1.8540293601715384e-05,52.0,80.0,28.0,2016,logistic_woe
acc_now_delinq,1.3986306399427595e-11,0.0,65.0,37.0,28.0,2016,logistic_woe
delinq_amnt,3.8060938288226936e-11,0.0,64.0,37.0,27.0,2016,logistic_woe
percent_bc_gt_75,0.00046255511167337077,-1.3106758911779481e-05,51.0,78.0,27.0,2016,logistic_woe
chargeoff_within_12_mths,5.317052755069549e-10,0.0,63.0,37.0,26.0,2016,logistic_woe
collections_12_mths_ex_med,6.746143719889943e-09,0.0,62.0,37.0,25.0,2016,logistic_woe
tax_liens,3.6671466066007995e-08,0.0,61.0,37.0,24.0,2016,logistic_woe
mths_since_last_major_derog,4.003167987997184e-06,1.0331536181962254e-06,59.0,36.0,23.0,2016,logistic_woe
mths_since_recent_revol_delinq,0.000235069356479297,-5.325273130052377e-06,53.0,76.0,23.0,2016,logistic_woe
tot_coll_amt,0.00018214487325273203,-1.7153327736857404e-05,56.0,79.0,23.0,2016,logistic_woe
num_tl_30dpd,2.5697222642318897e-06,0.0,60.0,37.0,23.0,2016,logistic_woe
mths_since_recent_bc_dlq,5.446832640774958e-06,2.11512287731086e-06,58.0,35.0,23.0,2016,logistic_woe
mths_since_last_record,0.00019724327288224812,-5.80517741332609e-06,55.0,77.0,22.0,2016,logistic_woe
num_tl_90g_dpd_24m,0.000201262192139813,-2.789256569601939e-06,54.0,75.0,21.0,2016,logistic_woe
delinq_2yrs,0.0005564917770895979,1.7392387177422863e-05,50.0,32.0,18.0,2016,logistic_woe
num_tl_120dpd_2m,6.067384367135229e-06,-5.597346824370852e-08,57.0,74.0,17.0,2016,logistic_woe
initial_list_status,0.0006239153750977858,1.4316222793903099e-05,49.0,33.0,16.0,2016,logistic_woe
num_rev_accts,0.01126853941659469,0.00040494329218024316,39.0,24.0,15.0,2016,logistic_woe
num_tl_op_past_12m,0.028502775137537566,0.001032149454862763,28.0,14.0,14.0,2016,logistic_woe
pct_tl_nvr_dlq,0.028709914283465688,0.0012153730689113186,27.0,13.0,14.0,2016,logistic_woe
mths_since_last_delinq,0.005716212607081486,0.00014174051938343202,43.0,30.0,13.0,2016,logistic_woe
fico_range_high,0.11945603916734727,0.0007890119292287279,6.0,19.0,13.0,2016,logistic_woe
mo_sin_old_rev_tl_op,0.04468888474791646,0.0029445542161336048,21.0,8.0,13.0,2016,logistic_woe
num_rev_tl_bal_gt_0,0.00234025054075357,1.351073488469745e-05,45.0,34.0,11.0,2016,logistic_woe
total_bal_ex_mort,0.012214434596596081,0.0002063692781222759,37.0,26.0,11.0,2016,logistic_woe
home_ownership,0.03099391051210504,0.0009354801190965434,26.0,15.0,11.0,2016,logistic_woe
dti,0.05449290323636473,0.003632156484037796,17.0,7.0,10.0,2016,logistic_woe
mo_sin_rcnt_rev_tl_op,0.007847165333624864,0.00013155950411369854,41.0,31.0,10.0,2016,logistic_woe
mo_sin_rcnt_tl,0.014198660554917157,0.000205824075234462,36.0,27.0,9.0,2016,logistic_woe
bc_open_to_buy,0.07010425901503332,0.0005616982327774245,13.0,22.0,9.0,2016,logistic_woe
verification_status,0.016711351665726928,0.0002123139923341233,33.0,25.0,8.0,2016,logistic_woe
num_bc_tl,0.03177015891407962,0.0008761567237252022,24.0,17.0,7.0,2016,logistic_woe
num_bc_sats,0.03128633087447939,0.0008138754543600468,25.0,18.0,7.0,2016,logistic_woe
fico_range_low,0.11945603916734727,0.0018930466412732938,6.0,12.0,6.0,2016,logistic_woe
revol_util,0.07641828418733787,0.00437668707444715,11.0,6.0,5.0,2016,logistic_woe
num_op_rev_tl,0.01570875740601603,0.00016053934388704505,34.0,29.0,5.0,2016,logistic_woe
mths_since_recent_inq,0.06493957155613078,0.0028260366573452543,14.0,9.0,5.0,2016,logistic_woe
emp_length,0.05750738770611189,0.002439944206937966,16.0,11.0,5.0,2016,logistic_woe
annual_inc,0.2288704535779691,0.004991080160979678,1.0,5.0,4.0,2016,logistic_woe
mths_since_recent_bc,0.07130847123235128,0.0009046076852843199,12.0,16.0,4.0,2016,logistic_woe
avg_cur_bal,0.04608247017363999,0.00041577825656491927,20.0,23.0,3.0,2016,logistic_woe
term,0.1427319457163647,0.012401090185767493,5.0,2.0,3.0,2016,logistic_woe
total_acc,0.023230292647084365,0.00016443140530472689,31.0,28.0,3.0,2016,logistic_woe
acc_open_past_24mths,0.16309181090335867,0.012916577786079903,3.0,1.0,2.0,2016,logistic_woe
inq_last_6mths,0.10269731653946725,0.0025008867189117655,8.0,10.0,2.0,2016,logistic_woe
purpose,0.17214593694398517,0.007187564365195587,2.0,4.0,2.0,2016,logistic_woe
mort_acc,0.04437798429936241,0.0007553185850146527,22.0,20.0,2.0,2016,logistic_woe
total_bc_limit,0.04116471039034781,0.0006320542139846064,23.0,21.0,2.0,2016,logistic_woe
loan_amnt,0.14618501519107102,0.010188353411571371,4.0,3.0,1.0,2016,logistic_woe
addr_state,0.1276729099534083,-0.001698214420830818,5.0,94.0,89.0,2016,lightgbm
emp_length,0.037396931457430435,-0.003980377610916197,19.0,96.0,77.0,2016,lightgbm
mths_since_last_delinq,0.046199577512398664,-0.0010765007842789497,15.0,90.0,75.0,2016,lightgbm
mo_sin_old_il_acct,0.027173899231356626,-0.00144283902601145,23.0,93.0,70.0,2016,lightgbm
mths_since_last_record,0.02343088172801536,-0.0019488601294879115,26.0,95.0,69.0,2016,lightgbm
credit_history_months,0.027719806811475095,-0.001125370281427257,22.0,91.0,69.0,2016,lightgbm
percent_bc_gt_75,0.02328226261348622,-0.0010630562167067592,27.0,89.0,62.0,2016,lightgbm
mths_since_recent_inq,0.02876856724926468,-0.00012810891202095777,21.0,82.0,61.0,2016,lightgbm
bc_open_to_buy,0.019502910436427278,-0.0003466548300035788,31.0,87.0,56.0,2016,lightgbm
tot_hi_cred_lim,0.012973248588407378,-0.0012448606519042838,40.0,92.0,52.0,2016,lightgbm
tax_liens,0.01695405003952137,-0.00015087299000354215,33.0,83.0,50.0,2016,lightgbm
tot_cur_bal,0.011829275663030303,-0.0008634124608301874,41.0,88.0,47.0,2016,lightgbm
open_acc,0.011598223635160537,-0.00029732236501294195,43.0,86.0,43.0,2016,lightgbm
num_rev_tl_bal_gt_0,0.01022033316501936,-4.816576073589096e-05,46.0,81.0,35.0,2016,lightgbm
initial_list_status,0.004817744725556948,-0.0001772911596540916,52.0,85.0,33.0,2016,lightgbm
num_actv_bc_tl,0.009421765494201517,-3.340493196112293e-05,47.0,79.0,32.0,2016,lightgbm
num_actv_rev_tl,0.0077901213584327085,0.0008251925560831986,51.0,20.0,31.0,2016,lightgbm
pub_rec_bankruptcies,0.0022948104929252666,-0.00016879182998290055,55.0,84.0,29.0,2016,lightgbm
delinq_2yrs,0.003489183748936761,0.0006931720323635037,54.0,25.0,29.0,2016,lightgbm
mths_since_recent_bc,0.07408701686511797,0.0001227694932457002,9.0,34.0,25.0,2016,lightgbm
chargeoff_within_12_mths,0.0008648490207964395,-4.649904204704902e-05,57.0,80.0,23.0,2016,lightgbm
mths_since_last_major_derog,0.008350605686196364,0.0004256673533327315,49.0,27.0,22.0,2016,lightgbm
num_accts_ever_120_pd,0.002260022159651508,7.02467232693349e-05,56.0,36.0,20.0,2016,lightgbm
inq_last_12m,0.0,0.0,59.0,41.0,18.0,2016,lightgbm
delinq_amnt,0.0,0.0,59.0,41.0,18.0,2016,lightgbm
collections_12_mths_ex_med,0.0,0.0,59.0,41.0,18.0,2016,lightgbm
disbursement_method,0.0,0.0,59.0,41.0,18.0,2016,lightgbm
application_type,0.0,0.0,59.0,41.0,18.0,2016,lightgbm
fico_range_low,0.0,0.0,59.0,41.0,18.0,2016,lightgbm
acc_now_delinq,0.0,0.0,59.0,41.0,18.0,2016,lightgbm
all_util,0.0,0.0,59.0,41.0,18.0,2016,lightgbm
annual_inc_joint,0.0,0.0,59.0,41.0,18.0,2016,lightgbm
sec_app_revol_util,0.0,0.0,59.0,41.0,18.0,2016,lightgbm
verification_status_joint,0.0,0.0,59.0,41.0,18.0,2016,lightgbm
total_cu_tl,0.0,0.0,59.0,41.0,18.0,2016,lightgbm
sec_app_open_act_il,0.0,0.0,59.0,41.0,18.0,2016,lightgbm
total_bal_il,0.0,0.0,59.0,41.0,18.0,2016,lightgbm
sec_app_fico_range_low,0.0,0.0,59.0,41.0,18.0,2016,lightgbm
sec_app_fico_range_high,0.0,0.0,59.0,41.0,18.0,2016,lightgbm
sec_app_collections_12_mths_ex_med,0.0,0.0,59.0,41.0,18.0,2016,lightgbm
sec_app_open_acc,0.0,0.0,59.0,41.0,18.0,2016,lightgbm
sec_app_inq_last_6mths,0.0,0.0,59.0,41.0,18.0,2016,lightgbm
sec_app_chargeoff_within_12_mths,0.0,0.0,59.0,41.0,18.0,2016,lightgbm
il_util,0.0,0.0,59.0,41.0,18.0,2016,lightgbm
dti_joint,0.0,0.0,59.0,41.0,18.0,2016,lightgbm
inq_fi,0.0,0.0,59.0,41.0,18.0,2016,lightgbm
max_bal_bc,0.0,0.0,59.0,41.0,18.0,2016,lightgbm
mort_acc,0.007883544517945732,0.00016032286909787864,50.0,32.0,18.0,2016,lightgbm
open_il_24m,0.0,0.0,59.0,41.0,18.0,2016,lightgbm
open_rv_12m,0.0,0.0,59.0,41.0,18.0,2016,lightgbm
open_rv_24m,0.0,0.0,59.0,41.0,18.0,2016,lightgbm
num_tl_120dpd_2m,0.0,0.0,59.0,41.0,18.0,2016,lightgbm
open_acc_6m,0.0,0.0,59.0,41.0,18.0,2016,lightgbm
sec_app_num_rev_accts,0.0,0.0,59.0,41.0,18.0,2016,lightgbm
sec_app_mths_since_last_major_derog,0.0,0.0,59.0,41.0,18.0,2016,lightgbm
sec_app_mort_acc,0.0,0.0,59.0,41.0,18.0,2016,lightgbm
revol_bal_joint,0.0,0.0,59.0,41.0,18.0,2016,lightgbm
pub_rec,0.0,0.0,59.0,41.0,18.0,2016,lightgbm
open_act_il,0.0,0.0,59.0,41.0,18.0,2016,lightgbm
mths_since_rcnt_il,0.0,0.0,59.0,41.0,18.0,2016,lightgbm
num_tl_90g_dpd_24m,0.000592156581152855,1.1183293125494042e-06,58.0,40.0,18.0,2016,lightgbm
num_tl_30dpd,0.0,0.0,59.0,41.0,18.0,2016,lightgbm
open_il_12m,0.0,0.0,59.0,41.0,18.0,2016,lightgbm
total_acc,0.015099751662170504,0.0008782830013151332,36.0,19.0,17.0,2016,lightgbm
num_sats,0.014494226442586957,0.0007792842336950157,38.0,22.0,16.0,2016,lightgbm
num_bc_sats,0.013112578134383589,0.0007512672284768485,39.0,23.0,16.0,2016,lightgbm
home_ownership,0.004648165296169789,4.021919744042757e-05,53.0,37.0,16.0,2016,lightgbm
num_op_rev_tl,0.00920066129831004,0.0001456461363859185,48.0,33.0,15.0,2016,lightgbm
total_rev_hi_lim,0.017549598939756078,0.0009410913842276769,32.0,18.0,14.0,2016,lightgbm
total_bal_ex_mort,0.022441980142364423,0.0010487062931074874,29.0,16.0,13.0,2016,lightgbm
num_bc_tl,0.01180622354075048,0.00033015187247414923,42.0,30.0,12.0,2016,lightgbm
num_rev_accts,0.015966932541008862,0.0007246568882542159,35.0,24.0,11.0,2016,lightgbm
mo_sin_rcnt_tl,0.0262549849638256,0.0017115917733311003,24.0,13.0,11.0,2016,lightgbm
mths_since_recent_bc_dlq,0.01091602816301331,0.00010506469757664006,44.0,35.0,9.0,2016,lightgbm
num_il_tl,0.02224550566395616,9.050426392803735e-06,30.0,38.0,8.0,2016,lightgbm
mo_sin_rcnt_rev_tl_op,0.016508704476032983,0.0004311417538338469,34.0,26.0,8.0,2016,lightgbm
revol_bal,0.042447257332749934,0.002686189067910699,17.0,10.0,7.0,2016,lightgbm
mths_since_recent_revol_delinq,0.014731615519611723,0.00023715851945297907,37.0,31.0,6.0,2016,lightgbm
tot_coll_amt,0.010439548790676639,4.502907067011064e-06,45.0,39.0,6.0,2016,lightgbm
dti,0.04999674988484871,0.0030610590752922218,13.0,8.0,5.0,2016,lightgbm
total_bc_limit,0.05237155880608264,0.0036611360266941228,12.0,7.0,5.0,2016,lightgbm
revol_util,0.07144394682280007,0.0011549993080180953,10.0,15.0,5.0,2016,lightgbm
bc_util,0.024120677923739127,0.0003865181238152271,25.0,29.0,4.0,2016,lightgbm
mo_sin_old_rev_tl_op,0.045899769104342666,0.0021361795330253897,16.0,12.0,4.0,2016,lightgbm
inq_last_6mths,0.11469037766673293,0.0029592636354661694,6.0,9.0,3.0,2016,lightgbm
avg_cur_bal,0.031595410101842566,0.001014745332393363,20.0,17.0,3.0,2016,lightgbm
pct_tl_nvr_dlq,0.039763751516361884,0.0008032526791870887,18.0,21.0,3.0,2016,lightgbm
num_tl_op_past_12m,0.04831245955677228,0.002344993480105073,14.0,11.0,3.0,2016,lightgbm
total_il_high_credit_limit,0.06416325119565437,0.0012179051178007716,11.0,14.0,3.0,2016,lightgbm
fico_range_high,0.2885645826443169,0.010487810725255665,1.0,3.0,2.0,2016,lightgbm
annual_inc,0.2533370278147783,0.009289743912254067,2.0,4.0,2.0,2016,lightgbm
acc_open_past_24mths,0.15038159714115265,0.014484958737717085,4.0,2.0,2.0,2016,lightgbm
loan_amnt,0.20116577263778268,0.01740392344912563,3.0,1.0,2.0,2016,lightgbm
purpose,0.11367306109298526,0.004750341024501109,7.0,5.0,2.0,2016,lightgbm
term,0.10747308839147032,0.003986203693483692,8.0,6.0,2.0,2016,lightgbm
verification_status,0.022784251523485972,0.0004234226680302156,28.0,28.0,0.0,2016,lightgbm
inq_last_6mths,0.06710829032981265,-0.0015083429985642272,15.0,96.0,81.0,2017,logistic_woe
mths_since_recent_revol_delinq,0.030181664806313034,-0.0011945401944262247,31.0,95.0,64.0,2017,logistic_woe
mort_acc,0.03101917466298378,-0.0008930141021163518,29.0,92.0,63.0,2017,logistic_woe
total_il_high_credit_limit,0.03044234048866811,-0.0009461447603537121,30.0,93.0,63.0,2017,logistic_woe
pct_tl_nvr_dlq,0.03175887707900109,-0.00046846826891090986,28.0,90.0,62.0,2017,logistic_woe
revol_bal,0.032408814700182635,-0.0003633185858305521,27.0,89.0,62.0,2017,logistic_woe
mths_since_last_delinq,0.021343857579392982,-0.0011091241656162765,36.0,94.0,58.0,2017,logistic_woe
num_actv_rev_tl,0.021734398155647608,-0.000485348844422806,34.0,91.0,57.0,2017,logistic_woe
initial_list_status,0.024337775947060044,-9.525443966639236e-05,32.0,81.0,49.0,2017,logistic_woe
credit_history_months,0.016596778081606253,-0.0003568509662488006,40.0,88.0,48.0,2017,logistic_woe
num_bc_tl,0.017862914475194752,-0.00017265869426086878,39.0,86.0,47.0,2017,logistic_woe
num_rev_tl_bal_gt_0,0.01828303991034334,-0.00011902481906401751,38.0,83.0,45.0,2017,logistic_woe
open_acc,0.005828182248792061,-0.0003141067284340382,46.0,87.0,41.0,2017,logistic_woe
num_rev_accts,0.008650428681609276,-0.0001603990513257214,44.0,84.0,40.0,2017,logistic_woe
num_bc_sats,0.004889328348859278,-0.00016867096966105555,48.0,85.0,37.0,2017,logistic_woe
num_sats,0.005562043243724489,-7.546024876166068e-05,47.0,80.0,33.0,2017,logistic_woe
tot_coll_amt,0.0033498240511553373,-0.00011695588926444734,52.0,82.0,30.0,2017,logistic_woe
open_il_12m,0.0,0.0,66.0,42.0,24.0,2017,logistic_woe
open_act_il,0.0,0.0,66.0,42.0,24.0,2017,logistic_woe
all_util,0.0,0.0,66.0,42.0,24.0,2017,logistic_woe
disbursement_method,0.0,0.0,66.0,42.0,24.0,2017,logistic_woe
il_util,0.0,0.0,66.0,42.0,24.0,2017,logistic_woe
application_type,0.0,0.0,66.0,42.0,24.0,2017,logistic_woe
annual_inc_joint,0.0,0.0,66.0,42.0,24.0,2017,logistic_woe
dti_joint,0.0,0.0,66.0,42.0,24.0,2017,logistic_woe
inq_fi,0.0,0.0,66.0,42.0,24.0,2017,logistic_woe
inq_last_12m,0.0,0.0,66.0,42.0,24.0,2017,logistic_woe
max_bal_bc,0.0,0.0,66.0,42.0,24.0,2017,logistic_woe
sec_app_open_act_il,0.0,0.0,66.0,42.0,24.0,2017,logistic_woe
sec_app_revol_util,0.0,0.0,66.0,42.0,24.0,2017,logistic_woe
open_il_24m,0.0,0.0,66.0,42.0,24.0,2017,logistic_woe
open_rv_24m,0.0,0.0,66.0,42.0,24.0,2017,logistic_woe
total_cu_tl,0.0,0.0,66.0,42.0,24.0,2017,logistic_woe
verification_status_joint,0.0,0.0,66.0,42.0,24.0,2017,logistic_woe
total_bal_il,0.0,0.0,66.0,42.0,24.0,2017,logistic_woe
sec_app_collections_12_mths_ex_med,0.0,0.0,66.0,42.0,24.0,2017,logistic_woe
sec_app_fico_range_high,0.0,0.0,66.0,42.0,24.0,2017,logistic_woe
sec_app_num_rev_accts,0.0,0.0,66.0,42.0,24.0,2017,logistic_woe
sec_app_mths_since_last_major_derog,0.0,0.0,66.0,42.0,24.0,2017,logistic_woe
sec_app_mort_acc,0.0,0.0,66.0,42.0,24.0,2017,logistic_woe
sec_app_chargeoff_within_12_mths,0.0,0.0,66.0,42.0,24.0,2017,logistic_woe
revol_bal_joint,0.0,0.0,66.0,42.0,24.0,2017,logistic_woe
sec_app_fico_range_low,0.0,0.0,66.0,42.0,24.0,2017,logistic_woe
sec_app_inq_last_6mths,0.0,0.0,66.0,42.0,24.0,2017,logistic_woe
pub_rec,0.0007251438869744932,-6.411439485292658e-05,55.0,79.0,24.0,2017,logistic_woe
open_acc_6m,0.0,0.0,66.0,42.0,24.0,2017,logistic_woe
mths_since_rcnt_il,0.0,0.0,66.0,42.0,24.0,2017,logistic_woe
open_rv_12m,0.0,0.0,66.0,42.0,24.0,2017,logistic_woe
sec_app_open_acc,0.0,0.0,66.0,42.0,24.0,2017,logistic_woe
chargeoff_within_12_mths,1.5340877725481363e-09,0.0,65.0,42.0,23.0,2017,logistic_woe
collections_12_mths_ex_med,9.978338692227702e-09,9.752506791027572e-09,63.0,41.0,22.0,2017,logistic_woe
delinq_amnt,6.16305881084438e-09,0.0,64.0,42.0,22.0,2017,logistic_woe
tot_cur_bal,0.0005176003819562714,-7.571302547543235e-06,57.0,78.0,21.0,2017,logistic_woe
mths_since_last_record,8.10369347064379e-07,7.954323325565226e-08,60.0,39.0,21.0,2017,logistic_woe
tax_liens,3.9064087564890597e-07,3.349928575091532e-08,61.0,40.0,21.0,2017,logistic_woe
delinq_2yrs,0.001923311306869017,5.274387515871726e-05,54.0,34.0,20.0,2017,logistic_woe
pub_rec_bankruptcies,0.0005751543411440257,1.5891724272459885e-05,56.0,36.0,20.0,2017,logistic_woe
mths_since_last_major_derog,6.199450354076582e-05,-2.8664453839866157e-06,58.0,77.0,19.0,2017,logistic_woe
num_tl_120dpd_2m,0.003763890470092381,5.693586430274289e-05,50.0,32.0,18.0,2017,logistic_woe
mths_since_recent_bc_dlq,5.017608683652883e-05,-2.6683430406515553e-06,59.0,76.0,17.0,2017,logistic_woe
num_accts_ever_120_pd,0.003583553715628293,3.193757094844818e-05,51.0,35.0,16.0,2017,logistic_woe
num_tl_90g_dpd_24m,0.015685985439377836,0.0003194600578219242,41.0,25.0,16.0,2017,logistic_woe
num_tl_30dpd,0.003328739564934723,9.739799490982026e-07,53.0,38.0,15.0,2017,logistic_woe
mo_sin_rcnt_tl,0.07320941899587588,0.0002629616387426592,12.0,27.0,15.0,2017,logistic_woe
num_actv_bc_tl,0.00591834771004844,9.913896295741797e-05,45.0,31.0,14.0,2017,logistic_woe
acc_now_delinq,1.4048622075879444e-08,-4.373006168290061e-09,62.0,75.0,13.0,2017,logistic_woe
total_bal_ex_mort,0.0045984663639695115,4.6768008112541e-06,49.0,37.0,12.0,2017,logistic_woe
num_op_rev_tl,0.009611801729004369,0.00010114284419239228,42.0,30.0,12.0,2017,logistic_woe
total_rev_hi_lim,0.07354207546771203,0.0007514457089885685,11.0,22.0,11.0,2017,logistic_woe
num_il_tl,0.021160386212605554,0.0003188008251615804,37.0,26.0,11.0,2017,logistic_woe
mo_sin_old_il_acct,0.034275083947238834,0.001732894237682725,25.0,14.0,11.0,2017,logistic_woe
mths_since_recent_bc,0.07948194592860561,0.001067978441318146,10.0,20.0,10.0,2017,logistic_woe
bc_util,0.009053434494693164,5.497641956944133e-05,43.0,33.0,10.0,2017,logistic_woe
bc_open_to_buy,0.07047141596156743,0.0028774743682186744,14.0,6.0,8.0,2017,logistic_woe
revol_util,0.060998545797232774,0.0020265428069073444,19.0,11.0,8.0,2017,logistic_woe
home_ownership,0.056181161225192316,0.001844893504947015,20.0,13.0,7.0,2017,logistic_woe
verification_status,0.039365855794663486,0.0014174498488411457,24.0,18.0,6.0,2017,logistic_woe
percent_bc_gt_75,0.021453782944395202,0.0001230519736757918,35.0,29.0,6.0,2017,logistic_woe
mo_sin_rcnt_rev_tl_op,0.04886742241795331,0.001441322965009656,22.0,17.0,5.0,2017,logistic_woe
emp_length,0.04902217875335932,0.0015421980854507245,21.0,16.0,5.0,2017,logistic_woe
addr_state,0.06191680665142447,0.0007440366208694594,18.0,23.0,5.0,2017,logistic_woe
total_acc,0.023965402061416875,0.00012768991137385722,33.0,28.0,5.0,2017,logistic_woe
total_bc_limit,0.04548339864991376,0.0011852476290603263,23.0,19.0,4.0,2017,logistic_woe
num_tl_op_past_12m,0.06578960740428465,0.0010394425557934905,17.0,21.0,4.0,2017,logistic_woe
dti,0.07287459780731115,0.0027184273131033387,13.0,9.0,4.0,2017,logistic_woe
fico_range_high,0.10343223763924263,0.0025773494284835217,6.0,10.0,4.0,2017,logistic_woe
tot_hi_cred_lim,0.08249690308507601,0.0019598534855117256,9.0,12.0,3.0,2017,logistic_woe
acc_open_past_24mths,0.14426774260547634,0.009880334756680025,3.0,1.0,2.0,2017,logistic_woe
avg_cur_bal,0.03388307056144346,0.0003571598029086909,26.0,24.0,2.0,2017,logistic_woe
fico_range_low,0.10343223763924263,0.0027298967059420144,6.0,8.0,2.0,2017,logistic_woe
annual_inc,0.20454177715125374,0.008331700451624829,1.0,2.0,1.0,2017,logistic_woe
loan_amnt,0.11329629454559552,0.005898902595419642,5.0,4.0,1.0,2017,logistic_woe
mo_sin_old_rev_tl_op,0.06670775067274567,0.001641322036906645,16.0,15.0,1.0,2017,logistic_woe
mths_since_recent_inq,0.09343856722884288,0.002776262236579996,8.0,7.0,1.0,2017,logistic_woe
purpose,0.12490971768003153,0.005585245115755572,4.0,5.0,1.0,2017,logistic_woe
term,0.1474532198280845,0.008109054025824226,2.0,3.0,1.0,2017,logistic_woe
mo_sin_rcnt_tl,0.05000053627927583,-0.000557145815537613,13.0,88.0,75.0,2017,lightgbm
num_il_tl,0.027971714458255102,-0.000825408028602953,25.0,91.0,66.0,2017,lightgbm
verification_status,0.020243904081538425,-0.000906527126689477,29.0,92.0,63.0,2017,lightgbm
total_bal_ex_mort,0.011758939544799406,-0.0012028899668690084,40.0,94.0,54.0,2017,lightgbm
mort_acc,0.010108172081273657,-0.0012107600702509491,42.0,95.0,53.0,2017,lightgbm
mths_since_recent_bc_dlq,0.014041394396909808,-0.0007545528159848325,38.0,90.0,52.0,2017,lightgbm
tax_liens,0.008274778272205562,-0.0015703967827715493,45.0,96.0,51.0,2017,lightgbm
mths_since_last_delinq,0.0293076877086223,-6.088453682290274e-06,23.0,73.0,50.0,2017,lightgbm
total_il_high_credit_limit,0.017350021517684198,-0.0003914641927011575,33.0,83.0,50.0,2017,lightgbm
mths_since_recent_revol_delinq,0.01751086614143845,-0.00016095096341749436,31.0,78.0,47.0,2017,lightgbm
total_rev_hi_lim,0.013939818176981124,-0.0005198475099267464,39.0,86.0,47.0,2017,lightgbm
tot_coll_amt,0.005283843369372863,-0.0009125482915130434,49.0,93.0,44.0,2017,lightgbm
tot_cur_bal,0.010167851813516813,-0.0004545022793248532,41.0,85.0,44.0,2017,lightgbm
num_bc_tl,0.006007509318586138,-0.0005302815687613871,47.0,87.0,40.0,2017,lightgbm
num_actv_rev_tl,0.004730329590080392,-0.0005580459790255343,51.0,89.0,38.0,2017,lightgbm
delinq_amnt,0.0006974113717376317,0.0006910627428534432,60.0,26.0,34.0,2017,lightgbm
num_actv_bc_tl,0.005052986068848471,-0.00018828930378193555,50.0,80.0,30.0,2017,lightgbm
initial_list_status,0.004633016512465055,-0.00022246232536584642,52.0,81.0,29.0,2017,lightgbm
num_rev_accts,0.0061751785951685255,-3.845213057971919e-05,46.0,75.0,29.0,2017,lightgbm
credit_history_months,0.01637960033353985,0.0023739712240499035,35.0,9.0,26.0,2017,lightgbm
delinq_2yrs,0.0025538671013611578,-0.00018390523830487117,53.0,79.0,26.0,2017,lightgbm
num_accts_ever_120_pd,0.0011315787295706858,-0.0002723955453746152,56.0,82.0,26.0,2017,lightgbm
pub_rec_bankruptcies,0.0008383279912330489,-0.0004157755680477271,58.0,84.0,26.0,2017,lightgbm
addr_state,0.10168458919950576,0.0003989271079346768,6.0,32.0,26.0,2017,lightgbm
acc_now_delinq,0.00010883882287163237,4.497403087745377e-05,61.0,36.0,25.0,2017,lightgbm
disbursement_method,0.0,0.0,63.0,39.0,24.0,2017,lightgbm
max_bal_bc,0.0,0.0,63.0,39.0,24.0,2017,lightgbm
inq_last_12m,0.0,0.0,63.0,39.0,24.0,2017,lightgbm
il_util,0.0,0.0,63.0,39.0,24.0,2017,lightgbm
chargeoff_within_12_mths,0.0,0.0,63.0,39.0,24.0,2017,lightgbm
all_util,0.0,0.0,63.0,39.0,24.0,2017,lightgbm
application_type,0.0,0.0,63.0,39.0,24.0,2017,lightgbm
total_bal_il,0.0,0.0,63.0,39.0,24.0,2017,lightgbm
total_cu_tl,0.0,0.0,63.0,39.0,24.0,2017,lightgbm
verification_status_joint,0.0,0.0,63.0,39.0,24.0,2017,lightgbm
sec_app_revol_util,0.0,0.0,63.0,39.0,24.0,2017,lightgbm
sec_app_mths_since_last_major_derog,0.0,0.0,63.0,39.0,24.0,2017,lightgbm
sec_app_open_acc,0.0,0.0,63.0,39.0,24.0,2017,lightgbm
sec_app_open_act_il,0.0,0.0,63.0,39.0,24.0,2017,lightgbm
sec_app_collections_12_mths_ex_med,0.0,0.0,63.0,39.0,24.0,2017,lightgbm
sec_app_inq_last_6mths,0.0,0.0,63.0,39.0,24.0,2017,lightgbm
sec_app_fico_range_low,0.0,0.0,63.0,39.0,24.0,2017,lightgbm
sec_app_fico_range_high,0.0,0.0,63.0,39.0,24.0,2017,lightgbm
sec_app_mort_acc,0.0,0.0,63.0,39.0,24.0,2017,lightgbm
num_tl_120dpd_2m,0.0015923071480721921,0.00045596645787637227,55.0,31.0,24.0,2017,lightgbm
num_tl_30dpd,0.0,0.0,63.0,39.0,24.0,2017,lightgbm
num_tl_90g_dpd_24m,8.520806949977229e-05,1.3082336823566632e-06,62.0,38.0,24.0,2017,lightgbm
inq_fi,0.0,0.0,63.0,39.0,24.0,2017,lightgbm
annual_inc_joint,0.0,0.0,63.0,39.0,24.0,2017,lightgbm
dti_joint,0.0,0.0,63.0,39.0,24.0,2017,lightgbm
fico_range_low,0.0,0.0,63.0,39.0,24.0,2017,lightgbm
open_acc_6m,0.0,0.0,63.0,39.0,24.0,2017,lightgbm
open_il_12m,0.0,0.0,63.0,39.0,24.0,2017,lightgbm
sec_app_chargeoff_within_12_mths,0.0,0.0,63.0,39.0,24.0,2017,lightgbm
revol_bal_joint,0.0,0.0,63.0,39.0,24.0,2017,lightgbm
sec_app_num_rev_accts,0.0,0.0,63.0,39.0,24.0,2017,lightgbm
open_rv_24m,0.0,0.0,63.0,39.0,24.0,2017,lightgbm
open_rv_12m,0.0,0.0,63.0,39.0,24.0,2017,lightgbm
open_act_il,0.0,0.0,63.0,39.0,24.0,2017,lightgbm
mths_since_rcnt_il,0.0,0.0,63.0,39.0,24.0,2017,lightgbm
open_il_24m,0.0,0.0,63.0,39.0,24.0,2017,lightgbm
num_rev_tl_bal_gt_0,0.0022114386617721493,-1.9091157148587445e-05,54.0,74.0,20.0,2017,lightgbm
pub_rec,0.001024978810145019,-9.550191543404863e-05,57.0,77.0,20.0,2017,lightgbm
num_sats,0.017200199001085895,0.0010782746943859057,34.0,16.0,18.0,2017,lightgbm
collections_12_mths_ex_med,0.00077944368340208,-9.180034860291064e-05,59.0,76.0,17.0,2017,lightgbm
num_bc_sats,0.010041903545300046,0.0006021290375920696,43.0,28.0,15.0,2017,lightgbm
bc_util,0.025599419884889306,0.00181824869278856,27.0,13.0,14.0,2017,lightgbm
num_op_rev_tl,0.00530312310389563,9.184631711828817e-05,48.0,35.0,13.0,2017,lightgbm
mo_sin_old_rev_tl_op,0.034811073079414376,0.0002662156577426633,21.0,34.0,13.0,2017,lightgbm
total_acc,0.017429319762896977,0.0008948984573109775,32.0,20.0,12.0,2017,lightgbm
open_acc,0.008996026686033994,0.0003148670419316102,44.0,33.0,11.0,2017,lightgbm
emp_length,0.027890379684196536,2.8463635614500715e-05,26.0,37.0,11.0,2017,lightgbm
mths_since_recent_bc,0.057047143656464794,0.0008610563408865013,12.0,22.0,10.0,2017,lightgbm
home_ownership,0.04541060418626928,0.0007994651000040376,16.0,25.0,9.0,2017,lightgbm
mths_since_recent_inq,0.048963510384864385,0.002741313921787991,15.0,7.0,8.0,2017,lightgbm
dti,0.06894919338219552,0.0010239710576593786,9.0,17.0,8.0,2017,lightgbm
bc_open_to_buy,0.03562599312316995,0.0006411818465655916,20.0,27.0,7.0,2017,lightgbm
mo_sin_old_il_acct,0.02315975448825429,0.000867661558590882,28.0,21.0,7.0,2017,lightgbm
inq_last_6mths,0.10108436364861387,0.0017470789175515421,7.0,14.0,7.0,2017,lightgbm
mo_sin_rcnt_rev_tl_op,0.01508918385393649,0.0004672919210708615,37.0,30.0,7.0,2017,lightgbm
revol_bal,0.04533367466623872,0.0023272676326201837,17.0,10.0,7.0,2017,lightgbm
total_bc_limit,0.032757384143333255,0.001161295336339152,22.0,15.0,7.0,2017,lightgbm
mths_since_last_record,0.015648632634760015,0.0005180516262597134,36.0,29.0,7.0,2017,lightgbm
mths_since_last_major_derog,0.01770300214159928,0.0008399813412654555,30.0,24.0,6.0,2017,lightgbm
pct_tl_nvr_dlq,0.02869321418744884,0.0009465606692246886,24.0,19.0,5.0,2017,lightgbm
avg_cur_bal,0.03565956938392578,0.0008484058243367288,19.0,23.0,4.0,2017,lightgbm
loan_amnt,0.1702570823890367,0.01885259732006332,3.0,1.0,2.0,2017,lightgbm
fico_range_high,0.22956306865680923,0.010504287236120412,2.0,4.0,2.0,2017,lightgbm
tot_hi_cred_lim,0.0496192369600838,0.0022877465905134786,14.0,12.0,2.0,2017,lightgbm
purpose,0.08648177589228886,0.003958712377082197,8.0,6.0,2.0,2017,lightgbm
num_tl_op_past_12m,0.06873992080973983,0.002685659010043512,10.0,8.0,2.0,2017,lightgbm
acc_open_past_24mths,0.14454648182573776,0.011432213420041786,4.0,3.0,1.0,2017,lightgbm
annual_inc,0.24075463635258304,0.011572337147008355,1.0,2.0,1.0,2017,lightgbm
revol_util,0.05793220619510624,0.0023222589686169694,11.0,11.0,0.0,2017,lightgbm
percent_bc_gt_75,0.04071032106421579,0.0009544379077712217,18.0,18.0,0.0,2017,lightgbm
term,0.12722565139226322,0.005434727502546699,5.0,5.0,0.0,2017,lightgbm
