fold,model,proxy,scenario,dp_gap,disparate_impact_ratio,eo_tpr_gap,eo_fpr_gap,profit_per_applicant,approve_rate,cost_vs_baseline
2014,logistic_woe,income_quintile,baseline,0.012335774205976757,0.9876237846506896,0.01238828738003206,0.011926370652021845,1379.4388348070142,0.99167,0.0
2014,logistic_woe,income_quintile,demographic_parity,0.005901570852729132,0.9940587186321376,0.005072810153366025,0.01691867280599757,1377.4381544577584,0.99049,2.0006803492558447
2014,logistic_woe,income_quintile,equal_opportunity,0.00459808289875574,0.9953709775014171,0.0039038461477161057,0.014006616894523982,1377.3653227647267,0.99079,2.0735120422875752
2014,logistic_woe,emp_length,baseline,0.065508178807831,0.9343755803386062,0.06445259582771734,0.07345417537682919,1379.4388348070142,0.99167,0.0
2014,logistic_woe,emp_length,demographic_parity,0.008042025357160476,0.9919389365082398,0.008263701069161411,0.015044836766148317,1378.9987114034986,0.99297,0.4401234035155994
2014,logistic_woe,emp_length,equal_opportunity,0.01354251368113979,0.9864227482214145,0.012692056611213753,0.02176034348165501,1374.960598063547,0.98996,4.478236743467278
2014,lightgbm,income_quintile,baseline,0.005545919754265771,0.9944070058320021,0.004934274042689202,0.012070391603205777,1375.015683622623,0.98852,0.0
2014,lightgbm,income_quintile,demographic_parity,0.004169857886670236,0.9957891499943853,0.0038811847046115178,0.01401338125204199,1372.1710817956825,0.98783,2.8446018269405613
2014,lightgbm,income_quintile,equal_opportunity,0.004951916382385568,0.995007182074508,0.00497970205748044,0.012312721565544416,1374.2218608626438,0.98855,0.7938227599793208
2014,lightgbm,emp_length,baseline,0.015408696079031503,0.9844782742312531,0.015431647937809267,0.020326768621410474,1375.015683622623,0.98852,0.0
2014,lightgbm,emp_length,demographic_parity,0.007386013504926403,0.9925555208483556,0.006923891945690097,0.021013966987121324,1375.8974062527143,0.98878,-0.8817226300911898
2014,lightgbm,emp_length,equal_opportunity,0.01262550784469374,0.987314949575571,0.011680093216323129,0.026047524034101266,1376.3171864206129,0.98867,-1.3015027979897695
2015,logistic_woe,income_quintile,baseline,0.028447115710350634,0.9713649251077056,0.026810885745753188,0.03523370746951682,1227.3970718559644,0.9814,0.0
2015,logistic_woe,income_quintile,demographic_parity,0.010918287382365222,0.9889325045785834,0.011647171169645865,0.008317560684683922,1229.48365119907,0.9821,-2.086579343105541
2015,logistic_woe,income_quintile,equal_opportunity,0.01031596922222855,0.9895438871378854,0.01102217937043104,0.009270616877994131,1229.3602120509775,0.98241,-1.9631401950130112
2015,logistic_woe,emp_length,baseline,0.09220371180995102,0.907306091241186,0.08559721097688633,0.13405013732250337,1227.3970718559644,0.9814,0.0
2015,logistic_woe,emp_length,demographic_parity,0.009369664058325289,0.9905277657903234,0.008784156518838793,0.025082166420643093,1228.7146201520834,0.98402,-1.3175482961189573
2015,logistic_woe,emp_length,equal_opportunity,0.011282586151170726,0.9885764534405153,0.01136624760186078,0.023834378593506567,1227.9571830734033,0.98084,-0.5601112174388163
2015,lightgbm,income_quintile,baseline,0.009723205791068557,0.9902426615494668,0.008944321348026252,0.01323336995064095,1220.2544669137417,0.99246,0.0
2015,lightgbm,income_quintile,demographic_parity,0.0065964269543921095,0.9933662874195168,0.0057884141742136075,0.011557541820945594,1220.4591459580522,0.99194,-0.20467904431052375
2015,lightgbm,income_quintile,equal_opportunity,0.0077485059496931186,0.9922147741737583,0.006651148687031649,0.014373648054997523,1220.4889181491128,0.99211,-0.23445123537112522
2015,lightgbm,emp_length,baseline,0.009241263278125356,0.9907100457329615,0.009199996913135333,0.02189713558436046,1220.2544669137417,0.99246,0.0
2015,lightgbm,emp_length,demographic_parity,0.007707871185441584,0.9922570309948423,0.00710330718210439,0.014992459162648353,1220.5377170103686,0.99229,-0.28325009662694356
2015,lightgbm,emp_length,equal_opportunity,0.0072924143768948735,0.992668815825152,0.007541528055918789,0.014992459162648353,1219.9040643135772,0.99161,0.35040260016444336
2016,logistic_woe,income_quintile,baseline,0.012132190024692124,0.9878633298460521,0.01026415166552097,0.025335628227194595,1066.1272859565572,0.99388,0.0
2016,logistic_woe,income_quintile,demographic_parity,0.0027628872236289403,0.9972232180469394,0.0022693345233615325,0.007773234517420624,1066.8284664844984,0.99387,-0.7011805279412329
2016,logistic_woe,income_quintile,equal_opportunity,0.0030987224528348234,0.996886078966179,0.002678743247562343,0.006537861046057802,1066.3554411975274,0.99395,-0.2281552409701817
2016,logistic_woe,emp_length,baseline,0.02381665672330091,0.9761040394714126,0.020169952635657795,0.047460331530892685,1066.1272859565572,0.99388,0.0
2016,logistic_woe,emp_length,demographic_parity,0.0019052918609403502,0.9980850986890504,0.0017921233954819593,0.011154022988505763,1068.299600606327,0.9943,-2.17231464976976
2016,logistic_woe,emp_length,equal_opportunity,0.003779684870164446,0.9961986376529477,0.003439935885563017,0.015020115150201185,1068.8253181885927,0.99283,-2.69803223203553
2016,lightgbm,income_quintile,baseline,0.019400058175831014,0.9803867632117708,0.01685624435891253,0.03710433864258467,1078.807294803775,0.97849,0.0
2016,lightgbm,income_quintile,demographic_parity,0.007830592491890997,0.9920137901361511,0.007980380318031055,0.02389711069100764,1077.6798917920764,0.97597,1.1274030116985614
2016,lightgbm,income_quintile,equal_opportunity,0.007454848389961133,0.9924001292875542,0.007759507064196591,0.02128805620608898,1077.7686771538013,0.97649,1.0386176499737303
2016,lightgbm,emp_length,baseline,0.019503081986617654,0.9801837472520128,0.01921261691548093,0.030903728670739428,1078.807294803775,0.97849,0.0
2016,lightgbm,emp_length,demographic_parity,0.011462643820371543,0.98834754422862,0.0107852328597009,0.0378250591016549,1077.7286123989527,0.97816,1.0786824048223025
2016,lightgbm,emp_length,equal_opportunity,0.011061447898953802,0.9887263833233058,0.011865275796813624,0.036840392998893856,1078.4864138014152,0.97666,0.32088100235978345
2017,logistic_woe,income_quintile,baseline,0.04290855729707099,0.9569580056776053,0.03882851253879416,0.07131859464861323,1217.086398143716,0.98091,0.0
2017,logistic_woe,income_quintile,demographic_parity,0.004930580995076594,0.9949741461991698,0.004332934569911018,0.033321739641608006,1220.6356029028568,0.97886,-3.549204759140821
2017,logistic_woe,income_quintile,equal_opportunity,0.0049335842158703125,0.994975781961737,0.003437854570568777,0.03269102648260447,1220.8217476784832,0.97909,-3.735349534767238
2017,logistic_woe,emp_length,baseline,0.040127647529084265,0.9594854288504159,0.0358242665851759,0.0610038694445052,1217.086398143716,0.98091,0.0
2017,logistic_woe,emp_length,demographic_parity,0.006211471470231822,0.9936870575839301,0.007649474438210291,0.03268352100178018,1218.1560157761894,0.98132,-1.0696176324734097
2017,logistic_woe,emp_length,equal_opportunity,0.005941015924230131,0.9939364601945109,0.007097303994584858,0.027985222848971092,1218.9511874956631,0.97762,-1.8647893519471381
2017,lightgbm,income_quintile,baseline,0.03872511671975587,0.9605057180109826,0.035958097989150506,0.05043668122270739,1220.8588931879704,0.96601,0.0
2017,lightgbm,income_quintile,demographic_parity,0.013868021484590098,0.9856923535713891,0.013824305658329594,0.04467261700647618,1217.096931226933,0.96251,3.7619619610372865
2017,lightgbm,income_quintile,equal_opportunity,0.013102076992445255,0.9864802111053081,0.012389244119662024,0.04410215838615805,1217.1300860520435,0.96256,3.7288071359268997
2017,lightgbm,emp_length,baseline,0.033492769051171156,0.9656412376093687,0.03252752148561133,0.03445172703460564,1220.8588931879704,0.96601,0.0
2017,lightgbm,emp_length,demographic_parity,0.012531651705576019,0.9871359901391952,0.012857674254388884,0.04071936815533761,1222.1610665944086,0.96591,-1.3021734064382144
2017,lightgbm,emp_length,equal_opportunity,0.012805024959887779,0.9868148762874525,0.012117264511085302,0.03637626283503359,1224.0285194567593,0.96273,-3.1696262687889885
