fold,model,proxy,scenario,group,n,base_default_rate,approval_rate,tpr,fpr,fnr,mean_predicted,calibration_gap
2014,logistic_woe,income_quintile,baseline,1,14484.0,0.11888980944490472,0.9843965755316211,0.9846419056574205,0.9825783972125436,0.015358094342579509,0.09472403446581634,-0.02416577497908838
2014,logistic_woe,income_quintile,baseline,2,20198.0,0.09976235270818892,0.9967323497375978,0.9970301930374526,0.994044665012407,0.00296980696254745,0.0794173620721415,-0.020344990636047416
2014,logistic_woe,income_quintile,baseline,3,19409.0,0.0896491318460508,0.9899015920449276,0.99043522553625,0.9844827586206897,0.009564774463750036,0.09261571324262373,0.002966581396572923
2014,logistic_woe,income_quintile,baseline,4,22248.0,0.0771754764473211,0.9952355267889248,0.9958599191466563,0.9877693651718114,0.0041400808533437194,0.07872676025336042,0.0015512838060393191
2014,logistic_woe,income_quintile,baseline,5,23661.0,0.06145133341786062,0.98989898989899,0.9904084297743955,0.9821182943603851,0.009591570225604529,0.08551974910393613,0.02406841568607551
2014,logistic_woe,income_quintile,demographic_parity,1,14484.0,0.11888980944490472,0.9926815796741232,0.9930261714464818,0.9901277584204413,0.0069738285535182465,0.09472403446581634,-0.02416577497908838
2014,logistic_woe,income_quintile,demographic_parity,2,20198.0,0.09976235270818892,0.9933161699178137,0.9936754110982786,0.9900744416873449,0.006324588901721384,0.0794173620721415,-0.020344990636047416
2014,logistic_woe,income_quintile,demographic_parity,3,19409.0,0.0896491318460508,0.990519861919728,0.9909445922236686,0.9862068965517241,0.009055407776331403,0.09261571324262373,0.002966581396572923
2014,logistic_woe,income_quintile,demographic_parity,4,22248.0,0.0771754764473211,0.9874145990650846,0.9886026009449126,0.9732090856144437,0.01139739905508741,0.07872676025336042,0.0015512838060393191
2014,logistic_woe,income_quintile,demographic_parity,5,23661.0,0.06145133341786062,0.9896031444148599,0.9900932138514883,0.9821182943603851,0.009906786148511704,0.08551974910393613,0.02406841568607551
2014,logistic_woe,income_quintile,equal_opportunity,1,14484.0,0.11888980944490472,0.992129246064623,0.9923993104529071,0.9901277584204413,0.00760068954709292,0.09472403446581634,-0.02416577497908838
2014,logistic_woe,income_quintile,equal_opportunity,2,20198.0,0.09976235270818892,0.9933161699178137,0.9936754110982786,0.9900744416873449,0.006324588901721384,0.0794173620721415,-0.020344990636047416
2014,logistic_woe,income_quintile,equal_opportunity,3,19409.0,0.0896491318460508,0.9910350868153949,0.9914539589110872,0.9867816091954023,0.00854604108891277,0.09261571324262373,0.002966581396572923
2014,logistic_woe,income_quintile,equal_opportunity,4,22248.0,0.0771754764473211,0.988718087019058,0.9897715649505625,0.9761211415259173,0.01022843504943749,0.07872676025336042,0.0015512838060393191
2014,logistic_woe,income_quintile,equal_opportunity,5,23661.0,0.06145133341786062,0.9895608807742698,0.9900481830053587,0.9821182943603851,0.009951816994641316,0.08551974910393613,0.02406841568607551
2014,logistic_woe,emp_length,baseline,1 year,6095.0,0.09253486464315012,0.9944216570959803,0.994576026035075,0.9929078014184397,0.005423973964925,0.08672342824677834,-0.005811436396371786
2014,logistic_woe,emp_length,baseline,10+ years,33870.0,0.0768231473280189,0.9950693829347506,0.9953946526800563,0.9911606456571868,0.0046053473199436645,0.08498518480827452,0.008162037480255624
2014,logistic_woe,emp_length,baseline,2 years,8649.0,0.08555902416464331,0.9971094924268702,0.9972183588317107,0.995945945945946,0.0027816411682892728,0.07674701452989022,-0.008812009634753093
2014,logistic_woe,emp_length,baseline,3 years,7743.0,0.08652976882345344,0.9978044685522407,0.9978792591545314,0.9970149253731343,0.0021207408454686494,0.07453580784510365,-0.011993960978349788
2014,logistic_woe,emp_length,baseline,4 years,5641.0,0.08633221060095728,0.9943272469420316,0.9949553744664338,0.9876796714579056,0.005044625533566216,0.080630336728799,-0.005701873872158272
2014,logistic_woe,emp_length,baseline,5 years,5548.0,0.08507570295602018,0.9969358327325162,0.9974389282899921,0.9915254237288136,0.002561071710007856,0.07253140696252822,-0.012544295993491966
2014,logistic_woe,emp_length,baseline,6 years,5081.0,0.09604408580987994,0.9982286951387522,0.9982582190289571,0.9979508196721312,0.0017417809710429388,0.07399959833305303,-0.022044487476826913
2014,logistic_woe,emp_length,baseline,7 years,5597.0,0.0836162229765946,0.9837412899767732,0.9847923571846364,0.9722222222222222,0.015207642815363576,0.10409535704044429,0.020479134063849685
2014,logistic_woe,emp_length,baseline,8 years,4932.0,0.08819951338199514,0.9975669099756691,0.9977762953079831,0.9954022988505747,0.0022237046920169368,0.07395566805049204,-0.014243845331503094
2014,logistic_woe,emp_length,baseline,9 years,4037.0,0.09363388654941789,0.9955412434976467,0.9956272205520634,0.9947089947089947,0.00437277944793657,0.08308780140594048,-0.010546085143477407
2014,logistic_woe,emp_length,baseline,< 1 year,7694.0,0.09721861190538082,0.9912919157785287,0.9919378059314714,0.9852941176470589,0.008062194068528594,0.08882341188691453,-0.00839520001846629
2014,logistic_woe,emp_length,baseline,missing,5113.0,0.11656561705456679,0.9327205163309212,0.9338056232012397,0.924496644295302,0.06619437679876028,0.1371503886042338,0.020584771549667022
2014,logistic_woe,emp_length,demographic_parity,1 year,6095.0,0.09253486464315012,0.9921246923707957,0.9925872355812692,0.9875886524822695,0.007412764418730844,0.08672342824677834,-0.005811436396371786
2014,logistic_woe,emp_length,demographic_parity,10+ years,33870.0,0.0768231473280189,0.9931798051372897,0.993603684277856,0.9880860876249039,0.0063963157221440525,0.08498518480827452,0.008162037480255624
2014,logistic_woe,emp_length,demographic_parity,2 years,8649.0,0.08555902416464331,0.9929471615215631,0.9938045264888102,0.9837837837837838,0.006195473511189764,0.07674701452989022,-0.008812009634753093
2014,logistic_woe,emp_length,demographic_parity,3 years,7743.0,0.08652976882345344,0.9944465969262559,0.9944860738017814,0.9940298507462687,0.005513926198218555,0.07453580784510365,-0.011993960978349788
2014,logistic_woe,emp_length,demographic_parity,4 years,5641.0,0.08633221060095728,0.9923772380783549,0.9928211098176174,0.9876796714579056,0.007178890182382602,0.080630336728799,-0.005701873872158272
2014,logistic_woe,emp_length,demographic_parity,5 years,5548.0,0.08507570295602018,0.9906272530641672,0.9911347517730497,0.9851694915254238,0.00886524822695034,0.07253140696252822,-0.012544295993491966
2014,logistic_woe,emp_length,demographic_parity,6 years,5081.0,0.09604408580987994,0.9976382601850029,0.997605051164816,0.9979508196721312,0.0023949488351839854,0.07399959833305303,-0.022044487476826913
2014,logistic_woe,emp_length,demographic_parity,7 years,5597.0,0.0836162229765946,0.9935679828479542,0.9945408461688439,0.9829059829059829,0.005459153831156138,0.10409535704044429,0.020479134063849685
2014,logistic_woe,emp_length,demographic_parity,8 years,4932.0,0.08819951338199514,0.9910786699107867,0.9913275517011341,0.9885057471264368,0.008672448298865931,0.07395566805049204,-0.014243845331503094
2014,logistic_woe,emp_length,demographic_parity,9 years,4037.0,0.09363388654941789,0.9895962348278424,0.9893413500956546,0.9920634920634921,0.010658649904345396,0.08308780140594048,-0.010546085143477407
2014,logistic_woe,emp_length,demographic_parity,< 1 year,7694.0,0.09721861190538082,0.9914218871848194,0.9920817736826951,0.9852941176470589,0.007918226317304877,0.08882341188691453,-0.00839520001846629
2014,logistic_woe,emp_length,demographic_parity,missing,5113.0,0.11656561705456679,0.9951105026403285,0.995129510737215,0.9949664429530202,0.004870489262784994,0.1371503886042338,0.020584771549667022
2014,logistic_woe,emp_length,equal_opportunity,1 year,6095.0,0.09253486464315012,0.9876948318293683,0.9884288555414934,0.9804964539007093,0.0115711444585066,0.08672342824677834,-0.005811436396371786
2014,logistic_woe,emp_length,equal_opportunity,10+ years,33870.0,0.0768231473280189,0.9895482728077946,0.9900857106306767,0.9830899308224442,0.00991428936932326,0.08498518480827452,0.008162037480255624
2014,logistic_woe,emp_length,equal_opportunity,2 years,8649.0,0.08555902416464331,0.9914440975835357,0.9927930206094323,0.977027027027027,0.0072069793905676915,0.07674701452989022,-0.008812009634753093
2014,logistic_woe,emp_length,equal_opportunity,3 years,7743.0,0.08652976882345344,0.9890223427612037,0.9891135303265941,0.9880597014925373,0.010886469673405896,0.07453580784510365,-0.011993960978349788
2014,logistic_woe,emp_length,equal_opportunity,4 years,5641.0,0.08633221060095728,0.9906045027477398,0.9908808692277843,0.9876796714579056,0.009119130772215711,0.080630336728799,-0.005701873872158272
2014,logistic_woe,emp_length,equal_opportunity,5 years,5548.0,0.08507570295602018,0.9890050468637347,0.989558707643814,0.9830508474576272,0.01044129235618596,0.07253140696252822,-0.012544295993491966
2014,logistic_woe,emp_length,equal_opportunity,6 years,5081.0,0.09604408580987994,0.9974414485337532,0.9973873285434357,0.9979508196721312,0.0026126714565642972,0.07399959833305303,-0.022044487476826913
2014,logistic_woe,emp_length,equal_opportunity,7 years,5597.0,0.0836162229765946,0.9930319814186171,0.9941509066094756,0.9807692307692307,0.005849093390524418,0.10409535704044429,0.020479134063849685
2014,logistic_woe,emp_length,equal_opportunity,8 years,4932.0,0.08819951338199514,0.9876317923763179,0.9875472537247053,0.9885057471264368,0.01245274627529469,0.07395566805049204,-0.014243845331503094
2014,logistic_woe,emp_length,equal_opportunity,9 years,4037.0,0.09363388654941789,0.9838989348526134,0.984695271932222,0.9761904761904762,0.01530472806777805,0.08308780140594048,-0.010546085143477407
2014,logistic_woe,emp_length,equal_opportunity,< 1 year,7694.0,0.09721861190538082,0.9885625162464258,0.9893463864094443,0.9812834224598931,0.010653613590555722,0.08882341188691453,-0.00839520001846629
2014,logistic_woe,emp_length,equal_opportunity,missing,5113.0,0.11656561705456679,0.9929591238020732,0.993579809608147,0.988255033557047,0.006420190391853042,0.1371503886042338,0.020584771549667022
2014,lightgbm,income_quintile,baseline,1,14484.0,0.11888980944490472,0.9874344103838718,0.9880896411220812,0.9825783972125436,0.011910358877918803,0.09020135527614145,-0.02868845416876327
2014,lightgbm,income_quintile,baseline,2,20198.0,0.09976235270818892,0.9915833250816912,0.9918605290656107,0.9890818858560794,0.00813947093438927,0.08562635608088905,-0.014135996627299877
2014,lightgbm,income_quintile,baseline,3,19409.0,0.0896491318460508,0.9860374053274255,0.9869262550229215,0.9770114942528736,0.013073744977078472,0.09036678436195994,0.000717652515909134
2014,lightgbm,income_quintile,baseline,4,22248.0,0.0771754764473211,0.9900215749730313,0.9909405289562125,0.9790331974373908,0.00905947104378746,0.07303271889733695,-0.004142757549984152
2014,lightgbm,income_quintile,baseline,5,23661.0,0.06145133341786062,0.9871941169012298,0.9877966406988787,0.9779917469050894,0.012203359301121264,0.06984053776920658,0.008389204351345964
2014,lightgbm,income_quintile,demographic_parity,1,14484.0,0.11888980944490472,0.9902651201325601,0.9905970850963799,0.9878048780487805,0.009402914903620108,0.09020135527614145,-0.02868845416876327
2014,lightgbm,income_quintile,demographic_parity,2,20198.0,0.09976235270818892,0.9887117536389741,0.989000714953528,0.9861042183622829,0.010999285046471963,0.08562635608088905,-0.014135996627299877
2014,lightgbm,income_quintile,demographic_parity,3,19409.0,0.0896491318460508,0.9889741872327271,0.9894730884600147,0.9839080459770115,0.010526911539985306,0.09036678436195994,0.000717652515909134
2014,lightgbm,income_quintile,demographic_parity,4,22248.0,0.0771754764473211,0.9862909025530385,0.9873362232721251,0.9737914967967385,0.012663776727874887,0.07303271889733695,-0.004142757549984152
2014,lightgbm,income_quintile,demographic_parity,5,23661.0,0.06145133341786062,0.9860952622458898,0.9867159003917684,0.9766162310866575,0.013284099608231625,0.06984053776920658,0.008389204351345964
2014,lightgbm,income_quintile,equal_opportunity,1,14484.0,0.11888980944490472,0.9892985363159348,0.9897351512302147,0.9860627177700348,0.010264848769785284,0.09020135527614145,-0.02868845416876327
2014,lightgbm,income_quintile,equal_opportunity,2,20198.0,0.09976235270818892,0.9886127339340529,0.9888907221030633,0.9861042183622829,0.01110927789693672,0.08562635608088905,-0.014135996627299877
2014,lightgbm,income_quintile,equal_opportunity,3,19409.0,0.0896491318460508,0.9918079241588954,0.9924160959873224,0.985632183908046,0.007583904012677611,0.09036678436195994,0.000717652515909134
2014,lightgbm,income_quintile,equal_opportunity,4,22248.0,0.0771754764473211,0.9869651204602661,0.9880668257756563,0.9737914967967385,0.011933174224343701,0.07303271889733695,-0.004142757549984152
2014,lightgbm,income_quintile,equal_opportunity,5,23661.0,0.06145133341786062,0.9868560077765098,0.987436393929842,0.9779917469050894,0.012563606070158051,0.06984053776920658,0.008389204351345964
2014,lightgbm,emp_length,baseline,1 year,6095.0,0.09253486464315012,0.9860541427399507,0.9864400650876876,0.9822695035460993,0.013559934912312444,0.08602875460283281,-0.0065061100403173144
2014,lightgbm,emp_length,baseline,10+ years,33870.0,0.0768231473280189,0.9909949808089755,0.9915568632467698,0.9842428900845503,0.008443136753230163,0.07714450610575832,0.00032135877773942223
2014,lightgbm,emp_length,baseline,2 years,8649.0,0.08555902416464331,0.9908659960689097,0.9919079529649766,0.9797297297297297,0.00809204703502342,0.07712129090007129,-0.00843773326457202
2014,lightgbm,emp_length,baseline,3 years,7743.0,0.08652976882345344,0.988893193852512,0.9901032093878128,0.9761194029850746,0.009896790612187178,0.0784956510733411,-0.00803411775011234
2014,lightgbm,emp_length,baseline,4 years,5641.0,0.08633221060095728,0.986881758553448,0.9875824602250679,0.9794661190965093,0.012417539774932096,0.08041369314391533,-0.005918517457041944
2014,lightgbm,emp_length,baseline,5 years,5548.0,0.08507570295602018,0.9897260273972602,0.9899527186761229,0.9872881355932204,0.01004728132387711,0.07674165812572499,-0.008334044830295192
2014,lightgbm,emp_length,baseline,6 years,5081.0,0.09604408580987994,0.9927179689037591,0.992815153494448,0.9918032786885246,0.007184846505551956,0.0770716387379307,-0.01897244707194924
2014,lightgbm,emp_length,baseline,7 years,5597.0,0.0836162229765946,0.9773092728247276,0.9773835055566388,0.9764957264957265,0.022616494443361224,0.09340500312734872,0.009788780150754114
2014,lightgbm,emp_length,baseline,8 years,4932.0,0.08819951338199514,0.9900648824006488,0.9908828107627307,0.9816091954022989,0.00911718923726934,0.07586274252013386,-0.012336770861861274
2014,lightgbm,emp_length,baseline,9 years,4037.0,0.09363388654941789,0.9881099826603914,0.9890680513801585,0.9788359788359788,0.01093194861984148,0.08522736583354226,-0.008406520715875623
2014,lightgbm,emp_length,baseline,< 1 year,7694.0,0.09721861190538082,0.9884325448401352,0.9892024186582206,0.9812834224598931,0.010797581341779439,0.08371346298053914,-0.013505148924841684
2014,lightgbm,emp_length,baseline,missing,5113.0,0.11656561705456679,0.978095051828672,0.9789683418197919,0.9714765100671141,0.021031658180208135,0.09761340935983538,-0.01895220769473141
2014,lightgbm,emp_length,demographic_parity,1 year,6095.0,0.09253486464315012,0.9855619360131255,0.9860784668233592,0.9804964539007093,0.013921533176640799,0.08602875460283281,-0.0065061100403173144
2014,lightgbm,emp_length,demographic_parity,10+ years,33870.0,0.0768231473280189,0.9921464422793033,0.9926442369195343,0.9861644888547272,0.007355763080465705,0.07714450610575832,0.00032135877773942223
2014,lightgbm,emp_length,demographic_parity,2 years,8649.0,0.08555902416464331,0.9855474621343507,0.9871033000379315,0.9689189189189189,0.012896699962068547,0.07712129090007129,-0.00843773326457202
2014,lightgbm,emp_length,demographic_parity,3 years,7743.0,0.08652976882345344,0.9847604287743769,0.9857203449738442,0.9746268656716418,0.014279655026155802,0.0784956510733411,-0.00803411775011234
2014,lightgbm,emp_length,demographic_parity,4 years,5641.0,0.08633221060095728,0.986881758553448,0.9875824602250679,0.9794661190965093,0.012417539774932096,0.08041369314391533,-0.005918517457041944
2014,lightgbm,emp_length,demographic_parity,5 years,5548.0,0.08507570295602018,0.9857606344628695,0.9862096138691884,0.9809322033898306,0.013790386130811627,0.07674165812572499,-0.008334044830295192
2014,lightgbm,emp_length,demographic_parity,6 years,5081.0,0.09604408580987994,0.9903562290887621,0.9906379272806445,0.9877049180327869,0.009362072719355519,0.0770716387379307,-0.01897244707194924
2014,lightgbm,emp_length,demographic_parity,7 years,5597.0,0.0836162229765946,0.9851706271216724,0.9857672060830571,0.9786324786324786,0.014232793916942876,0.09340500312734872,0.009788780150754114
2014,lightgbm,emp_length,demographic_parity,8 years,4932.0,0.08819951338199514,0.9860097323600974,0.987102512786302,0.9747126436781609,0.012897487213697989,0.07586274252013386,-0.012336770861861274
2014,lightgbm,emp_length,demographic_parity,9 years,4037.0,0.09363388654941789,0.9905870696061432,0.9915277398196228,0.9814814814814815,0.008472260180377167,0.08522736583354226,-0.008406520715875623
2014,lightgbm,emp_length,demographic_parity,< 1 year,7694.0,0.09721861190538082,0.9892123732778789,0.9899222574143391,0.982620320855615,0.010077742585660854,0.08371346298053914,-0.013505148924841684
2014,lightgbm,emp_length,demographic_parity,missing,5113.0,0.11656561705456679,0.9902210052806572,0.9902590214744299,0.9899328859060402,0.009740978525570099,0.09761340935983538,-0.01895220769473141
2014,lightgbm,emp_length,equal_opportunity,1 year,6095.0,0.09253486464315012,0.9855619360131255,0.9860784668233592,0.9804964539007093,0.013921533176640799,0.08602875460283281,-0.0065061100403173144
2014,lightgbm,emp_length,equal_opportunity,10+ years,33870.0,0.0768231473280189,0.9921464422793033,0.9926442369195343,0.9861644888547272,0.007355763080465705,0.07714450610575832,0.00032135877773942223
2014,lightgbm,emp_length,equal_opportunity,2 years,8649.0,0.08555902416464331,0.9855474621343507,0.9871033000379315,0.9689189189189189,0.012896699962068547,0.07712129090007129,-0.00843773326457202
2014,lightgbm,emp_length,equal_opportunity,3 years,7743.0,0.08652976882345344,0.9848895776830686,0.9858617276968754,0.9746268656716418,0.014138272303124588,0.0784956510733411,-0.00803411775011234
2014,lightgbm,emp_length,equal_opportunity,4 years,5641.0,0.08633221060095728,0.9863499379542634,0.987000388048118,0.9794661190965093,0.01299961195188204,0.08041369314391533,-0.005918517457041944
2014,lightgbm,emp_length,equal_opportunity,5 years,5548.0,0.08507570295602018,0.9850396539293439,0.985618597320725,0.9788135593220338,0.014381402679275013,0.07674165812572499,-0.008334044830295192
2014,lightgbm,emp_length,equal_opportunity,6 years,5081.0,0.09604408580987994,0.9826805746900217,0.983670803396473,0.9733606557377049,0.016329196603527052,0.0770716387379307,-0.01897244707194924
2014,lightgbm,emp_length,equal_opportunity,7 years,5597.0,0.0836162229765946,0.9880293014114704,0.9888867225580035,0.9786324786324786,0.011113277441996527,0.09340500312734872,0.009788780150754114
2014,lightgbm,emp_length,equal_opportunity,8 years,4932.0,0.08819951338199514,0.9854014598540146,0.9864354013786969,0.9747126436781609,0.013564598621303103,0.07586274252013386,-0.012336770861861274
2014,lightgbm,emp_length,equal_opportunity,9 years,4037.0,0.09363388654941789,0.989100817438692,0.9901612462421426,0.9788359788359788,0.009838753757857366,0.08522736583354226,-0.008406520715875623
2014,lightgbm,emp_length,equal_opportunity,< 1 year,7694.0,0.09721861190538082,0.9893423446841695,0.9900662251655629,0.982620320855615,0.009933774834437137,0.08371346298053914,-0.013505148924841684
2014,lightgbm,emp_length,equal_opportunity,missing,5113.0,0.11656561705456679,0.9953060825347154,0.9953508966127961,0.9949664429530202,0.004649103387203923,0.09761340935983538,-0.01895220769473141
2015,logistic_woe,income_quintile,baseline,1,17623.0,0.12092152300970323,0.9649889349146002,0.9676607281177382,0.9455654622243078,0.03233927188226182,0.10595313795828049,-0.014968385051422742
2015,logistic_woe,income_quintile,baseline,2,16125.0,0.11274418604651162,0.9812713178294573,0.9830852030474593,0.966996699669967,0.016914796952540723,0.09393008601969742,-0.018814100026814204
2015,logistic_woe,income_quintile,baseline,3,19515.0,0.10735331796054318,0.9743274404304382,0.9772675086107921,0.9498806682577565,0.022732491389207854,0.09651961797668067,-0.010833699983862508
2015,logistic_woe,income_quintile,baseline,4,21295.0,0.09706503874148861,0.9871800892228223,0.9897545246515498,0.9632317368166424,0.010245475348450217,0.08580838382357497,-0.011256654917913639
2015,logistic_woe,income_quintile,baseline,5,25442.0,0.07574090087257292,0.9934360506249509,0.9944716138634914,0.9807991696938246,0.005528386136508634,0.07352969983199015,-0.0022112010405827692
2015,logistic_woe,income_quintile,demographic_parity,1,17623.0,0.12092152300970323,0.9756000680928333,0.9769558481797056,0.9657437822618489,0.0230441518202944,0.10595313795828049,-0.014968385051422742
2015,logistic_woe,income_quintile,demographic_parity,2,16125.0,0.11274418604651162,0.9794108527131783,0.9818270776542951,0.9603960396039604,0.01817292234570489,0.09393008601969742,-0.018814100026814204
2015,logistic_woe,income_quintile,demographic_parity,3,19515.0,0.10735331796054318,0.9808864975659749,0.9829506314580941,0.9637231503579953,0.017049368541905863,0.09651961797668067,-0.010833699983862508
2015,logistic_woe,income_quintile,demographic_parity,4,21295.0,0.09706503874148861,0.9853486733975112,0.9883503224464323,0.957426221577165,0.011649677553567717,0.08580838382357497,-0.011256654917913639
2015,logistic_woe,income_quintile,demographic_parity,5,25442.0,0.07574090087257292,0.9865183554751985,0.9886030193493515,0.9610793980280228,0.011396980650648536,0.07352969983199015,-0.0022112010405827692
2015,logistic_woe,income_quintile,equal_opportunity,1,17623.0,0.12092152300970323,0.9762809964251262,0.9776658920733282,0.9662130455185359,0.022334107926671787,0.10595313795828049,-0.014968385051422742
2015,logistic_woe,income_quintile,equal_opportunity,2,16125.0,0.11274418604651162,0.979906976744186,0.982176556930174,0.9620462046204621,0.017823443069825973,0.09393008601969742,-0.018814100026814204
2015,logistic_woe,income_quintile,equal_opportunity,3,19515.0,0.10735331796054318,0.9818088649756598,0.9838117106773823,0.9651551312649165,0.016188289322617733,0.09651961797668067,-0.010833699983862508
2015,logistic_woe,income_quintile,equal_opportunity,4,21295.0,0.09706503874148861,0.9849260389762855,0.9879342625338049,0.9569424286405418,0.012065737466195103,0.08580838382357497,-0.011256654917913639
2015,logistic_woe,income_quintile,equal_opportunity,5,25442.0,0.07574090087257292,0.9865969656473548,0.9886880714437593,0.9610793980280228,0.011311928556240747,0.07352969983199015,-0.0022112010405827692
2015,logistic_woe,emp_length,baseline,1 year,6487.0,0.10837058732850316,0.9839679358717435,0.9873789764868603,0.9559032716927454,0.012621023513139651,0.09068091830998594,-0.01768966901851722
2015,logistic_woe,emp_length,baseline,10+ years,33919.0,0.0902149237890268,0.9861139774167871,0.9882044136232542,0.9650326797385621,0.011795586376745826,0.08792532491282835,-0.002289598876198451
2015,logistic_woe,emp_length,baseline,2 years,8831.0,0.09795040199297927,0.9866379798437324,0.9876977152899824,0.976878612716763,0.012302284710017597,0.08509898128356023,-0.01285142070941904
2015,logistic_woe,emp_length,baseline,3 years,7872.0,0.09921239837398374,0.9865345528455285,0.9887180933577775,0.9667093469910372,0.011281906642222506,0.0862280101326409,-0.012984388241342834
2015,logistic_woe,emp_length,baseline,4 years,5701.0,0.10331520785827047,0.9871952289072092,0.9886541471048513,0.9745331069609507,0.011345852895148667,0.08691052806490697,-0.016404679793363505
2015,logistic_woe,emp_length,baseline,5 years,5882.0,0.10676640598435906,0.9909894593675621,0.9914350970688999,0.9872611464968153,0.008564902931100127,0.08207887440435338,-0.02468753158000568
2015,logistic_woe,emp_length,baseline,6 years,3937.0,0.1016002032004064,0.9862839725679451,0.9869946282160023,0.98,0.013005371783997743,0.08665797061000005,-0.014942232590406349
2015,logistic_woe,emp_length,baseline,7 years,4357.0,0.0950195088363553,0.9742942391553822,0.9761602840476794,0.9565217391304348,0.023839715952320595,0.09780754629010105,0.0027880374537457564
2015,logistic_woe,emp_length,baseline,8 years,5044.0,0.10428231562252181,0.9912767644726408,0.9931385568835768,0.9752851711026616,0.006861443116423227,0.08111578900260814,-0.02316652661991367
2015,logistic_woe,emp_length,baseline,9 years,3971.0,0.10425585494837572,0.9947116595316041,0.9957829631712117,0.9855072463768116,0.004217036828788268,0.07767822812246179,-0.026577626825913928
2015,logistic_woe,emp_length,baseline,< 1 year,8337.0,0.10735276478349526,0.9817680220702891,0.9836065573770492,0.9664804469273743,0.016393442622950838,0.09317968819712365,-0.01417307658637161
2015,logistic_woe,emp_length,baseline,missing,5662.0,0.13475803602967149,0.9025079477216531,0.9101857521943254,0.8532110091743119,0.0898142478056746,0.1276109083664108,-0.007147127663260672
2015,logistic_woe,emp_length,demographic_parity,1 year,6487.0,0.10837058732850316,0.9856636349622322,0.9884163208852006,0.9630156472261735,0.011583679114799406,0.09068091830998594,-0.01768966901851722
2015,logistic_woe,emp_length,demographic_parity,10+ years,33919.0,0.0902149237890268,0.9835195613078216,0.986065653456042,0.957843137254902,0.013934346543957976,0.08792532491282835,-0.002289598876198451
2015,logistic_woe,emp_length,demographic_parity,2 years,8831.0,0.09795040199297927,0.9831276186162382,0.9844338438363043,0.9710982658959537,0.015566156163695721,0.08509898128356023,-0.01285142070941904
2015,logistic_woe,emp_length,demographic_parity,3 years,7872.0,0.09921239837398374,0.9798018292682927,0.9827950923706106,0.9526248399487837,0.01720490762938942,0.0862280101326409,-0.012984388241342834
2015,logistic_woe,emp_length,demographic_parity,4 years,5701.0,0.10331520785827047,0.983687072443431,0.9859154929577465,0.9643463497453311,0.014084507042253502,0.08691052806490697,-0.016404679793363505
2015,logistic_woe,emp_length,demographic_parity,5 years,5882.0,0.10676640598435906,0.9863991839510371,0.9874381423677199,0.9777070063694268,0.012561857632280127,0.08207887440435338,-0.02468753158000568
2015,logistic_woe,emp_length,demographic_parity,6 years,3937.0,0.1016002032004064,0.9824739649479299,0.9838846480067854,0.97,0.016115351993214566,0.08665797061000005,-0.014942232590406349
2015,logistic_woe,emp_length,demographic_parity,7 years,4357.0,0.0950195088363553,0.9811797108101905,0.9825006340349988,0.9685990338164251,0.017499365965001235,0.09780754629010105,0.0027880374537457564
2015,logistic_woe,emp_length,demographic_parity,8 years,5044.0,0.10428231562252181,0.9867168913560667,0.9889331562638336,0.967680608365019,0.011066843736166398,0.08111578900260814,-0.02316652661991367
2015,logistic_woe,emp_length,demographic_parity,9 years,3971.0,0.10425585494837572,0.989171493326618,0.9912847905538376,0.9710144927536232,0.008715209446162442,0.07767822812246179,-0.026577626825913928
2015,logistic_woe,emp_length,demographic_parity,< 1 year,8337.0,0.10735276478349526,0.9863260165527168,0.9873689868314969,0.9776536312849162,0.012631013168503125,0.09317968819712365,-0.01417307658637161
2015,logistic_woe,emp_length,demographic_parity,missing,5662.0,0.13475803602967149,0.9841045566937477,0.9861196162482139,0.9711664482306684,0.01388038375178613,0.1276109083664108,-0.007147127663260672
2015,logistic_woe,emp_length,equal_opportunity,1 year,6487.0,0.10837058732850316,0.9845845537228303,0.9875518672199171,0.9601706970128022,0.012448132780082943,0.09068091830998594,-0.01768966901851722
2015,logistic_woe,emp_length,equal_opportunity,10+ years,33919.0,0.0902149237890268,0.9803649871753295,0.9832463786901714,0.9513071895424836,0.016753621309828604,0.08792532491282835,-0.002289598876198451
2015,logistic_woe,emp_length,equal_opportunity,2 years,8831.0,0.09795040199297927,0.9813158192730155,0.9829274416269144,0.9664739884393063,0.017072558373085633,0.08509898128356023,-0.01285142070941904
2015,logistic_woe,emp_length,equal_opportunity,3 years,7872.0,0.09921239837398374,0.9771341463414634,0.9803976872091383,0.9475032010243278,0.019602312790861665,0.0862280101326409,-0.012984388241342834
2015,logistic_woe,emp_length,equal_opportunity,4 years,5701.0,0.10331520785827047,0.9798281003332748,0.9820031298904538,0.9609507640067911,0.017996870109546204,0.08691052806490697,-0.016404679793363505
2015,logistic_woe,emp_length,equal_opportunity,5 years,5882.0,0.10676640598435906,0.9828289697381843,0.9842025123715265,0.9713375796178344,0.01579748762847355,0.08207887440435338,-0.02468753158000568
2015,logistic_woe,emp_length,equal_opportunity,6 years,3937.0,0.1016002032004064,0.9763779527559056,0.9785128640090472,0.9575,0.021487135990952755,0.08665797061000005,-0.014942232590406349
2015,logistic_woe,emp_length,equal_opportunity,7 years,4357.0,0.0950195088363553,0.9781960064264402,0.9797108800405783,0.9637681159420289,0.02028911995942173,0.09780754629010105,0.0027880374537457564
2015,logistic_woe,emp_length,equal_opportunity,8 years,5044.0,0.10428231562252181,0.9849325931800159,0.9871624612660469,0.9657794676806084,0.012837538733953102,0.08111578900260814,-0.02316652661991367
2015,logistic_woe,emp_length,equal_opportunity,9 years,3971.0,0.10425585494837572,0.9876605389070763,0.989879111610908,0.9685990338164251,0.010120888389091975,0.07767822812246179,-0.026577626825913928
2015,logistic_woe,emp_length,equal_opportunity,< 1 year,8337.0,0.10735276478349526,0.9815281276238456,0.9834721848965332,0.9653631284916201,0.016527815103466792,0.09317968819712365,-0.01417307658637161
2015,logistic_woe,emp_length,equal_opportunity,missing,5662.0,0.13475803602967149,0.9784528435181915,0.9808124106960604,0.963302752293578,0.0191875893039396,0.1276109083664108,-0.007147127663260672
2015,lightgbm,income_quintile,baseline,1,17623.0,0.12092152300970323,0.9867786415479771,0.987993803253292,0.9779446269357109,0.012006196746707998,0.10653951992366552,-0.014382003086037709
2015,lightgbm,income_quintile,baseline,2,16125.0,0.11274418604651162,0.9907596899224806,0.9916823932340812,0.9834983498349835,0.00831760676591875,0.09728459300630829,-0.015459593040203334
2015,lightgbm,income_quintile,baseline,3,19515.0,0.10735331796054318,0.9920573917499359,0.992881745120551,0.9852028639618139,0.007118254879448949,0.09250583080523188,-0.014847487155311298
2015,lightgbm,income_quintile,baseline,4,21295.0,0.09706503874148861,0.9939891993425687,0.9946432286249219,0.9879051765844219,0.005356771375078062,0.0839274011904008,-0.013137637551087808
2015,lightgbm,income_quintile,baseline,5,25442.0,0.07574090087257292,0.9965018473390457,0.9969381246013183,0.9911779968863519,0.003061875398681746,0.06978395675890359,-0.00595694411366933
2015,lightgbm,income_quintile,demographic_parity,1,17623.0,0.12092152300970323,0.9909209555694263,0.991995868835528,0.9831065227592679,0.008004131164471961,0.10653951992366552,-0.014382003086037709
2015,lightgbm,income_quintile,demographic_parity,2,16125.0,0.11274418604651162,0.9877829457364341,0.9892360383029286,0.9763476347634763,0.01076396169707139,0.09728459300630829,-0.015459593040203334
2015,lightgbm,income_quintile,demographic_parity,3,19515.0,0.10735331796054318,0.9913399948757367,0.9923076923076923,0.9832935560859188,0.007692307692307665,0.09250583080523188,-0.014847487155311298
2015,lightgbm,income_quintile,demographic_parity,4,21295.0,0.09706503874148861,0.993566564921343,0.9941751612232161,0.9879051765844219,0.005824838776783858,0.0839274011904008,-0.013137637551087808
2015,lightgbm,income_quintile,demographic_parity,5,25442.0,0.07574090087257292,0.9943793726908262,0.9950244524771422,0.9865075246497146,0.004975547522857782,0.06978395675890359,-0.00595694411366933
2015,lightgbm,income_quintile,equal_opportunity,1,17623.0,0.12092152300970323,0.9910344436248085,0.9921249677252776,0.9831065227592679,0.007875032274722416,0.10653951992366552,-0.014382003086037709
2015,lightgbm,income_quintile,equal_opportunity,2,16125.0,0.11274418604651162,0.9875348837209302,0.9890962465925771,0.9752475247524752,0.01090375340742289,0.09728459300630829,-0.015459593040203334
2015,lightgbm,income_quintile,equal_opportunity,3,19515.0,0.10735331796054318,0.9911350243402511,0.9921354764638347,0.9828162291169451,0.007864523536165291,0.09250583080523188,-0.014847487155311298
2015,lightgbm,income_quintile,equal_opportunity,4,21295.0,0.09706503874148861,0.993566564921343,0.9941751612232161,0.9879051765844219,0.005824838776783858,0.0839274011904008,-0.013137637551087808
2015,lightgbm,income_quintile,equal_opportunity,5,25442.0,0.07574090087257292,0.9952833896706234,0.9957473952796088,0.9896211728074727,0.00425260472039124,0.06978395675890359,-0.00595694411366933
2015,lightgbm,emp_length,baseline,1 year,6487.0,0.10837058732850316,0.9947587482657623,0.9955048409405256,0.9886201991465149,0.004495159059474396,0.08809228533130402,-0.02027830199719914
2015,lightgbm,emp_length,baseline,10+ years,33919.0,0.0902149237890268,0.9931601757127274,0.994134612268706,0.9833333333333333,0.0058653877312939695,0.08698966775175056,-0.0032252560372762473
2015,lightgbm,emp_length,baseline,2 years,8831.0,0.09795040199297927,0.994338127052429,0.994476525232237,0.9930635838150289,0.005523474767763048,0.08336901262103746,-0.01458138937194181
2015,lightgbm,emp_length,baseline,3 years,7872.0,0.09921239837398374,0.9922510162601627,0.9929488083486109,0.9859154929577465,0.0070511916513891215,0.08770793501014035,-0.011504463363843392
2015,lightgbm,emp_length,baseline,4 years,5701.0,0.10331520785827047,0.9928082792492545,0.9935446009389671,0.9864176570458404,0.006455399061032874,0.08657821252031164,-0.016736995337958832
2015,lightgbm,emp_length,baseline,5 years,5882.0,0.10676640598435906,0.9914994899693982,0.9921964217738866,0.9856687898089171,0.007803578226113439,0.08622298782563852,-0.020543418158720544
2015,lightgbm,emp_length,baseline,6 years,3937.0,0.1016002032004064,0.9936499872999746,0.9940627650551315,0.99,0.00593723494486853,0.08639076029127904,-0.01520944290912736
2015,lightgbm,emp_length,baseline,7 years,4357.0,0.0950195088363553,0.9859995409685564,0.9863048440273903,0.9830917874396136,0.01369515597260973,0.09548792713728696,0.0004684183009316667
2015,lightgbm,emp_length,baseline,8 years,5044.0,0.10428231562252181,0.9936558287073751,0.9946879150066401,0.9847908745247148,0.005312084993359889,0.08435423893017828,-0.019928076692343533
2015,lightgbm,emp_length,baseline,9 years,3971.0,0.10425585494837572,0.9944598337950139,0.9955018273826258,0.9855072463768116,0.004498172617374174,0.08244482032500444,-0.021811034623371278
2015,lightgbm,emp_length,baseline,< 1 year,8337.0,0.10735276478349526,0.992323377713806,0.9927438860521365,0.9888268156424581,0.007256113947863518,0.09263269695367023,-0.014720067829825031
2015,lightgbm,emp_length,baseline,missing,5662.0,0.13475803602967149,0.9855174849876369,0.9877526025719534,0.9711664482306684,0.012247397428046591,0.10303879424115114,-0.03171924178852034
2015,lightgbm,emp_length,demographic_parity,1 year,6487.0,0.10837058732850316,0.9942962848774473,0.9951590594744122,0.9871977240398293,0.004840940525587811,0.08809228533130402,-0.02027830199719914
2015,lightgbm,emp_length,demographic_parity,10+ years,33919.0,0.0902149237890268,0.9928948377015832,0.9939077740691532,0.9826797385620915,0.006092225930846795,0.08698966775175056,-0.0032252560372762473
2015,lightgbm,emp_length,demographic_parity,2 years,8831.0,0.09795040199297927,0.9919601404144491,0.9924679889530504,0.9872832369942196,0.0075320110469495605,0.08336901262103746,-0.01458138937194181
2015,lightgbm,emp_length,demographic_parity,3 years,7872.0,0.09921239837398374,0.9913617886178862,0.9921026653504442,0.9846350832266325,0.007897334649555776,0.08770793501014035,-0.011504463363843392
2015,lightgbm,emp_length,demographic_parity,4 years,5701.0,0.10331520785827047,0.9908787931941765,0.9917840375586855,0.9830220713073005,0.008215962441314506,0.08657821252031164,-0.016736995337958832
2015,lightgbm,emp_length,demographic_parity,5 years,5882.0,0.10676640598435906,0.9877592655559334,0.9889607917776931,0.9777070063694268,0.011039208222306862,0.08622298782563852,-0.020543418158720544
2015,lightgbm,emp_length,demographic_parity,6 years,3937.0,0.1016002032004064,0.9908559817119634,0.9912355103194798,0.9875,0.008764489680520238,0.08639076029127904,-0.01520944290912736
2015,lightgbm,emp_length,demographic_parity,7 years,4357.0,0.0950195088363553,0.9896717925177875,0.9898554400202891,0.9879227053140096,0.010144559979710865,0.09548792713728696,0.0004684183009316667
2015,lightgbm,emp_length,demographic_parity,8 years,5044.0,0.10428231562252181,0.9908802537668517,0.9924745462594068,0.9771863117870723,0.007525453740593213,0.08435423893017828,-0.019928076692343533
2015,lightgbm,emp_length,demographic_parity,9 years,3971.0,0.10425585494837572,0.995467136741375,0.9960640989597975,0.9903381642512077,0.003935901040202472,0.08244482032500444,-0.021811034623371278
2015,lightgbm,emp_length,demographic_parity,< 1 year,8337.0,0.10735276478349526,0.994482427731798,0.9947594732598763,0.9921787709497206,0.005240526740123652,0.09263269695367023,-0.014720067829825031
2015,lightgbm,emp_length,demographic_parity,missing,5662.0,0.13475803602967149,0.9931119745672907,0.9942845478669116,0.9855832241153342,0.005715452133088439,0.10303879424115114,-0.03171924178852034
2015,lightgbm,emp_length,equal_opportunity,1 year,6487.0,0.10837058732850316,0.9916756590103284,0.9925656984785616,0.984352773826458,0.0074343015214384245,0.08809228533130402,-0.02027830199719914
2015,lightgbm,emp_length,equal_opportunity,10+ years,33919.0,0.0902149237890268,0.9918629676582447,0.9930652321851,0.9797385620915032,0.006934767814899989,0.08698966775175056,-0.0032252560372762473
2015,lightgbm,emp_length,equal_opportunity,2 years,8831.0,0.09795040199297927,0.9929792775450119,0.9932211900577455,0.9907514450867052,0.006778809942254549,0.08336901262103746,-0.01458138937194181
2015,lightgbm,emp_length,equal_opportunity,3 years,7872.0,0.09921239837398374,0.9881859756097561,0.989000141023833,0.9807938540332907,0.010999858976166954,0.08770793501014035,-0.011504463363843392
2015,lightgbm,emp_length,equal_opportunity,4 years,5701.0,0.10331520785827047,0.9905279775477986,0.9913928012519562,0.9830220713073005,0.008607198748043832,0.08657821252031164,-0.016736995337958832
2015,lightgbm,emp_length,equal_opportunity,5 years,5882.0,0.10676640598435906,0.9874192451547092,0.9885801294251998,0.9777070063694268,0.011419870574800206,0.08622298782563852,-0.020543418158720544
2015,lightgbm,emp_length,equal_opportunity,6 years,3937.0,0.1016002032004064,0.9908559817119634,0.9912355103194798,0.9875,0.008764489680520238,0.08639076029127904,-0.01520944290912736
2015,lightgbm,emp_length,equal_opportunity,7 years,4357.0,0.0950195088363553,0.9896717925177875,0.9898554400202891,0.9879227053140096,0.010144559979710865,0.09548792713728696,0.0004684183009316667
2015,lightgbm,emp_length,equal_opportunity,8 years,5044.0,0.10428231562252181,0.9908802537668517,0.9924745462594068,0.9771863117870723,0.007525453740593213,0.08435423893017828,-0.019928076692343533
2015,lightgbm,emp_length,equal_opportunity,9 years,3971.0,0.10425585494837572,0.9947116595316041,0.9957829631712117,0.9855072463768116,0.004217036828788268,0.08244482032500444,-0.021811034623371278
2015,lightgbm,emp_length,equal_opportunity,< 1 year,8337.0,0.10735276478349526,0.9942425332853544,0.9944907282988444,0.9921787709497206,0.00550927170115556,0.09263269695367023,-0.014720067829825031
2015,lightgbm,emp_length,equal_opportunity,missing,5662.0,0.13475803602967149,0.9947015188979159,0.9961216574811186,0.9855832241153342,0.003878342518881417,0.10303879424115114,-0.03171924178852034
2016,logistic_woe,income_quintile,baseline,1,18798.0,0.12363017342270455,0.9874986700712842,0.9893772004370524,0.9741824440619621,0.010622799562947649,0.09959858594033795,-0.024031587482366598
2016,logistic_woe,income_quintile,baseline,2,17346.0,0.12106537530266344,0.9887005649717514,0.990423717696445,0.9761904761904762,0.009576282303555006,0.09022053275307215,-0.030844842549591286
2016,logistic_woe,income_quintile,baseline,3,20243.0,0.11045793607666848,0.9939732253124537,0.9956683511967568,0.9803220035778175,0.0043316488032432154,0.08080351746942929,-0.02965441860723919
2016,logistic_woe,income_quintile,baseline,4,19232.0,0.10149750415973377,0.997400166389351,0.9982638888888888,0.9897540983606558,0.0017361111111111605,0.07038871265379773,-0.03110879150593604
2016,logistic_woe,income_quintile,baseline,5,24381.0,0.08510725564989131,0.9996308600959763,0.9996413521025733,0.9995180722891567,0.00035864789742667824,0.05287242811570063,-0.032234827534190685
2016,logistic_woe,income_quintile,demographic_parity,1,18798.0,0.12363017342270455,0.9922332162996064,0.9935656185504431,0.9827882960413081,0.006434381449556881,0.09959858594033795,-0.024031587482366598
2016,logistic_woe,income_quintile,demographic_parity,2,17346.0,0.12106537530266344,0.9937161305200046,0.9944903581267218,0.9880952380952381,0.0055096418732781816,0.09022053275307215,-0.030844842549591286
2016,logistic_woe,income_quintile,demographic_parity,3,20243.0,0.11045793607666848,0.9941214246900163,0.9958349530738047,0.9803220035778175,0.004165046926195348,0.08080351746942929,-0.02965441860723919
2016,logistic_woe,income_quintile,demographic_parity,4,19232.0,0.10149750415973377,0.9939163893510815,0.9953125,0.9815573770491803,0.004687499999999956,0.07038871265379773,-0.03110879150593604
2016,logistic_woe,income_quintile,demographic_parity,5,24381.0,0.08510725564989131,0.9949961035232353,0.9957858872052363,0.9865060240963855,0.004214112794763691,0.05287242811570063,-0.032234827534190685
2016,logistic_woe,income_quintile,equal_opportunity,1,18798.0,0.12363017342270455,0.992020427705075,0.9933228117032901,0.9827882960413081,0.006677188296709935,0.09959858594033795,-0.024031587482366598
2016,logistic_woe,income_quintile,equal_opportunity,2,17346.0,0.12106537530266344,0.9937737806987201,0.9945559491014037,0.9880952380952381,0.005444050898596342,0.09022053275307215,-0.030844842549591286
2016,logistic_woe,income_quintile,equal_opportunity,3,20243.0,0.11045793607666848,0.9945166230301833,0.9960015549508524,0.9825581395348837,0.003998445049147592,0.08080351746942929,-0.02965441860723919
2016,logistic_woe,income_quintile,equal_opportunity,4,19232.0,0.10149750415973377,0.9939163893510815,0.9953125,0.9815573770491803,0.004687499999999956,0.07038871265379773,-0.03110879150593604
2016,logistic_woe,income_quintile,equal_opportunity,5,24381.0,0.08510725564989131,0.9951191501579099,0.9959203801667713,0.9865060240963855,0.004079619833228687,0.05287242811570063,-0.032234827534190685
2016,logistic_woe,emp_length,baseline,1 year,6644.0,0.11709813365442505,0.9963877182420229,0.9969314694851688,0.9922879177377892,0.003068530514831247,0.07722126453337187,-0.03987686912105318
2016,logistic_woe,emp_length,baseline,10+ years,34652.0,0.09751240909615606,0.9966812882373312,0.997377929843635,0.9902337969813554,0.002622070156364953,0.0709061486064992,-0.026606260489656863
2016,logistic_woe,emp_length,baseline,2 years,9079.0,0.11124573190880054,0.9952637955721996,0.9964059982649647,0.9861386138613861,0.0035940017350353237,0.07585900946382403,-0.03538672244497651
2016,logistic_woe,emp_length,baseline,3 years,8095.0,0.11537986411365041,0.9950586781964176,0.9960899315738025,0.987152034261242,0.003910068426197455,0.07696929237114564,-0.03841057174250477
2016,logistic_woe,emp_length,baseline,4 years,5832.0,0.10545267489711935,0.9945130315500685,0.9957830170596128,0.983739837398374,0.004216982940387193,0.07915096064278056,-0.02630171425433879
2016,logistic_woe,emp_length,baseline,5 years,6103.0,0.10240865148287727,0.9945928232017041,0.9961664841182913,0.9808,0.00383351588170866,0.07424711019712213,-0.02816154128575514
2016,logistic_woe,emp_length,baseline,6 years,4384.0,0.09375,0.9920164233576643,0.9927007299270073,0.9854014598540146,0.007299270072992692,0.08178276629912286,-0.011967233700877142
2016,logistic_woe,emp_length,baseline,7 years,3209.0,0.10190090370832035,0.992832658148956,0.9941013185287995,0.981651376146789,0.00589868147120054,0.08106844352037727,-0.020832460187943075
2016,logistic_woe,emp_length,baseline,8 years,4332.0,0.1084949215143121,0.9956140350877193,0.9968928016571724,0.9851063829787234,0.0031071983428275773,0.07370637408156971,-0.03478854743274239
2016,logistic_woe,emp_length,baseline,9 years,3932.0,0.10732451678535096,0.9951678535096643,0.996011396011396,0.9881516587677726,0.0039886039886040114,0.0766807883997781,-0.03064372838557286
2016,logistic_woe,emp_length,baseline,< 1 year,7252.0,0.11665747380033094,0.9926916712630999,0.9942241648454574,0.9810874704491725,0.005775835154542608,0.08016458991936702,-0.03649288388096392
2016,logistic_woe,emp_length,baseline,missing,6486.0,0.1341350601295097,0.9728646315140302,0.9772079772079773,0.9448275862068966,0.022792022792022748,0.10765556373181061,-0.0264794963976991
2016,logistic_woe,emp_length,demographic_parity,1 year,6644.0,0.11709813365442505,0.9930764599638772,0.9943743607228094,0.9832904884318766,0.005625639277190619,0.07722126453337187,-0.03987686912105318
2016,logistic_woe,emp_length,demographic_parity,10+ years,34652.0,0.09751240909615606,0.9945746277271154,0.9958750359735234,0.9825392127848476,0.004124964026476552,0.0709061486064992,-0.026606260489656863
2016,logistic_woe,emp_length,demographic_parity,2 years,9079.0,0.11124573190880054,0.993721775525939,0.9952906184161606,0.9811881188118812,0.004709381583839378,0.07585900946382403,-0.03538672244497651
2016,logistic_woe,emp_length,demographic_parity,3 years,8095.0,0.11537986411365041,0.994070413835701,0.9952520597681888,0.9850107066381156,0.004747940231811243,0.07696929237114564,-0.03841057174250477
2016,logistic_woe,emp_length,demographic_parity,4 years,5832.0,0.10545267489711935,0.994684499314129,0.9959746981023577,0.983739837398374,0.004025301897642275,0.07915096064278056,-0.02630171425433879
2016,logistic_woe,emp_length,demographic_parity,5 years,6103.0,0.10240865148287727,0.9945928232017041,0.9961664841182913,0.9808,0.00383351588170866,0.07424711019712213,-0.02816154128575514
2016,logistic_woe,emp_length,demographic_parity,6 years,4384.0,0.09375,0.9949817518248175,0.9954694185753838,0.9902676399026764,0.0045305814246161535,0.08178276629912286,-0.011967233700877142
2016,logistic_woe,emp_length,demographic_parity,7 years,3209.0,0.10190090370832035,0.9940791523839202,0.9954892435808467,0.981651376146789,0.004510756419153328,0.08106844352037727,-0.020832460187943075
2016,logistic_woe,emp_length,demographic_parity,8 years,4332.0,0.1084949215143121,0.9946906740535549,0.9961160020714656,0.9829787234042553,0.003883997928534444,0.07370637408156971,-0.03478854743274239
2016,logistic_woe,emp_length,demographic_parity,9 years,3932.0,0.10732451678535096,0.9949135300101729,0.9957264957264957,0.9881516587677726,0.004273504273504258,0.0766807883997781,-0.03064372838557286
2016,logistic_woe,emp_length,demographic_parity,< 1 year,7252.0,0.11665747380033094,0.9933811362382791,0.9946924758039338,0.983451536643026,0.005307524196066171,0.08016458991936702,-0.03649288388096392
2016,logistic_woe,emp_length,demographic_parity,missing,6486.0,0.1341350601295097,0.9946037619488128,0.9950142450142451,0.9919540229885058,0.004985754985754931,0.10765556373181061,-0.0264794963976991
2016,logistic_woe,emp_length,equal_opportunity,1 year,6644.0,0.11709813365442505,0.99051776038531,0.9921581997954313,0.9781491002570694,0.007841800204568705,0.07722126453337187,-0.03987686912105318
2016,logistic_woe,emp_length,equal_opportunity,10+ years,34652.0,0.09751240909615606,0.9931028512062796,0.9946599302913056,0.9786919206865937,0.005340069708694384,0.0709061486064992,-0.026606260489656863
2016,logistic_woe,emp_length,equal_opportunity,2 years,9079.0,0.11124573190880054,0.9910783125894922,0.9930598587185525,0.9752475247524752,0.006940141281447487,0.07585900946382403,-0.03538672244497651
2016,logistic_woe,emp_length,equal_opportunity,3 years,8095.0,0.11537986411365041,0.9930821494749845,0.9942745426616394,0.9839400428265525,0.005725457338360607,0.07696929237114564,-0.03841057174250477
2016,logistic_woe,emp_length,equal_opportunity,4 years,5832.0,0.10545267489711935,0.9938271604938271,0.9952079739313782,0.9821138211382113,0.004792026068621835,0.07915096064278056,-0.02630171425433879
2016,logistic_woe,emp_length,equal_opportunity,5 years,6103.0,0.10240865148287727,0.9924627232508603,0.9939759036144579,0.9792,0.0060240963855421326,0.07424711019712213,-0.02816154128575514
2016,logistic_woe,emp_length,equal_opportunity,6 years,4384.0,0.09375,0.9942974452554745,0.9947143216712812,0.9902676399026764,0.005285678328718846,0.08178276629912286,-0.011967233700877142
2016,logistic_woe,emp_length,equal_opportunity,7 years,3209.0,0.10190090370832035,0.9934559052664381,0.9947952810548231,0.981651376146789,0.005204718945176934,0.08106844352037727,-0.020832460187943075
2016,logistic_woe,emp_length,equal_opportunity,8 years,4332.0,0.1084949215143121,0.9942289935364728,0.9955981356809943,0.9829787234042553,0.004401864319005688,0.07370637408156971,-0.03478854743274239
2016,logistic_woe,emp_length,equal_opportunity,9 years,3932.0,0.10732451678535096,0.9928789420142421,0.9937321937321937,0.985781990521327,0.0062678062678063196,0.0766807883997781,-0.03064372838557286
2016,logistic_woe,emp_length,equal_opportunity,< 1 year,7252.0,0.11665747380033094,0.9926916712630999,0.9942241648454574,0.9810874704491725,0.005775835154542608,0.08016458991936702,-0.03649288388096392
2016,logistic_woe,emp_length,equal_opportunity,missing,6486.0,0.1341350601295097,0.9932161578785076,0.9937678062678063,0.9896551724137931,0.006232193732193747,0.10765556373181061,-0.0264794963976991
2016,lightgbm,income_quintile,baseline,1,18798.0,0.12363017342270455,0.9697308224279179,0.9735947553721015,0.9423407917383821,0.026405244627898505,0.09727052384719077,-0.026359649575513774
2016,lightgbm,income_quintile,baseline,2,17346.0,0.12106537530266344,0.9739421192205696,0.9784861603043421,0.940952380952381,0.0215138396956579,0.09015280622158879,-0.030912569081074648
2016,lightgbm,income_quintile,baseline,3,20243.0,0.11045793607666848,0.9751519043620017,0.9797856389181985,0.9378354203935599,0.020214361081801524,0.08359895255597617,-0.02685898352069231
2016,lightgbm,income_quintile,baseline,4,19232.0,0.10149750415973377,0.9811772046589018,0.9851851851851852,0.9456967213114754,0.014814814814814836,0.07509297701710413,-0.02640452714262964
2016,lightgbm,income_quintile,baseline,5,24381.0,0.08510725564989131,0.9891308806037489,0.990450999731014,0.9749397590361446,0.009549000268985974,0.06146159116261328,-0.023645664487278034
2016,lightgbm,income_quintile,demographic_parity,1,18798.0,0.12363017342270455,0.9740929886158102,0.9767512443850916,0.955249569707401,0.023248755614908356,0.09727052384719077,-0.026359649575513774
2016,lightgbm,income_quintile,demographic_parity,2,17346.0,0.12106537530266344,0.9805142395941427,0.9839958021776204,0.9552380952380952,0.016004197822379607,0.09015280622158879,-0.030912569081074648
2016,lightgbm,income_quintile,demographic_parity,3,20243.0,0.11045793607666848,0.9791532875561922,0.9832287443771867,0.9463327370304114,0.01677125562281334,0.08359895255597617,-0.02685898352069231
2016,lightgbm,income_quintile,demographic_parity,4,19232.0,0.10149750415973377,0.9745216306156406,0.9793981481481482,0.9313524590163934,0.020601851851851816,0.07509297701710413,-0.02640452714262964
2016,lightgbm,income_quintile,demographic_parity,5,24381.0,0.08510725564989131,0.9726836471022517,0.9760154218595893,0.9368674698795181,0.02398457814041066,0.06146159116261328,-0.023645664487278034
2016,lightgbm,income_quintile,equal_opportunity,1,18798.0,0.12363017342270455,0.9738802000212788,0.9766298409615151,0.9543889845094664,0.02337015903848494,0.09727052384719077,-0.026359649575513774
2016,lightgbm,income_quintile,equal_opportunity,2,17346.0,0.12106537530266344,0.9809177908451516,0.9843893480257117,0.9557142857142857,0.015610651974288348,0.09015280622158879,-0.030912569081074648
2016,lightgbm,income_quintile,equal_opportunity,3,20243.0,0.11045793607666848,0.9790544879711505,0.9831732104181707,0.9458855098389982,0.01682678958182926,0.08359895255597617,-0.02685898352069231
2016,lightgbm,income_quintile,equal_opportunity,4,19232.0,0.10149750415973377,0.9761855241264559,0.9809027777777778,0.9344262295081968,0.01909722222222221,0.07509297701710413,-0.02640452714262964
2016,lightgbm,income_quintile,equal_opportunity,5,24381.0,0.08510725564989131,0.9734629424551905,0.976643055680086,0.9392771084337349,0.023356944319913975,0.06146159116261328,-0.023645664487278034
2016,lightgbm,emp_length,baseline,1 year,6644.0,0.11709813365442505,0.9841962673088501,0.9884077736106376,0.9524421593830334,0.011592226389362414,0.07914746248438882,-0.037950671170036226
2016,lightgbm,emp_length,baseline,10+ years,34652.0,0.09751240909615606,0.9802897379660626,0.983564096824737,0.949985202722699,0.016435903175263,0.07578947379417507,-0.021722935301980995
2016,lightgbm,emp_length,baseline,2 years,9079.0,0.11124573190880054,0.9814957594448728,0.9846325443053662,0.9564356435643564,0.015367455694633825,0.07984667227236873,-0.0313990596364318
2016,lightgbm,emp_length,baseline,3 years,8095.0,0.11537986411365041,0.9782581840642371,0.9815668202764977,0.9528907922912205,0.018433179723502335,0.08284714561127961,-0.0325327185023708
2016,lightgbm,emp_length,baseline,4 years,5832.0,0.10545267489711935,0.9807956104252401,0.9842821544949204,0.9512195121951219,0.015717845505079597,0.08173506924476619,-0.02371760565235316
2016,lightgbm,emp_length,baseline,5 years,6103.0,0.10240865148287727,0.9782074389644437,0.9822928075940124,0.9424,0.017707192405987615,0.08010997157960775,-0.022298679903269517
2016,lightgbm,emp_length,baseline,6 years,4384.0,0.09375,0.9701186131386861,0.9733199093883715,0.9391727493917275,0.02668009061162846,0.0845796296105262,-0.009170370389473798
2016,lightgbm,emp_length,baseline,7 years,3209.0,0.10190090370832035,0.977563103770645,0.9805690492713394,0.9510703363914373,0.019430950728660634,0.08266751316952631,-0.01923339053879404
2016,lightgbm,emp_length,baseline,8 years,4332.0,0.1084949215143121,0.9776084949215144,0.983946141895391,0.925531914893617,0.01605385810460902,0.08163535866524593,-0.026859562849066168
2016,lightgbm,emp_length,baseline,9 years,3932.0,0.10732451678535096,0.9776195320447609,0.982051282051282,0.9407582938388626,0.017948717948717996,0.08108721504528475,-0.026237301740066207
2016,lightgbm,emp_length,baseline,< 1 year,7252.0,0.11665747380033094,0.9783507997793712,0.9814236653137683,0.9550827423167849,0.018576334686231655,0.08087694745283125,-0.03578052634749969
2016,lightgbm,emp_length,baseline,missing,6486.0,0.1341350601295097,0.9646931853222325,0.9691951566951567,0.9356321839080459,0.030804843304843343,0.09542157696407993,-0.038713483165429774
2016,lightgbm,emp_length,demographic_parity,1 year,6644.0,0.11709813365442505,0.9780252859723059,0.982782134333447,0.9421593830334191,0.017217865666553034,0.07914746248438882,-0.037950671170036226
2016,lightgbm,emp_length,demographic_parity,10+ years,34652.0,0.09751240909615606,0.9770864596560083,0.9806222620151569,0.9443622373483279,0.019377737984843102,0.07578947379417507,-0.021722935301980995
2016,lightgbm,emp_length,demographic_parity,2 years,9079.0,0.11124573190880054,0.9785218636413702,0.9819060602305119,0.9514851485148514,0.018093939769488143,0.07984667227236873,-0.0313990596364318
2016,lightgbm,emp_length,demographic_parity,3 years,8095.0,0.11537986411365041,0.9806053119209388,0.9838011450914677,0.9561027837259101,0.016198854908532345,0.08284714561127961,-0.0325327185023708
2016,lightgbm,emp_length,demographic_parity,4 years,5832.0,0.10545267489711935,0.9837105624142661,0.986390645965114,0.9609756097560975,0.013609354034885945,0.08173506924476619,-0.02371760565235316
2016,lightgbm,emp_length,demographic_parity,5 years,6103.0,0.10240865148287727,0.978535146649189,0.9826579043446513,0.9424,0.01734209565534872,0.08010997157960775,-0.022298679903269517
2016,lightgbm,emp_length,demographic_parity,6 years,4384.0,0.09375,0.9739963503649635,0.9768436949408508,0.9464720194647201,0.02315630505914923,0.0845796296105262,-0.009170370389473798
2016,lightgbm,emp_length,demographic_parity,7 years,3209.0,0.10190090370832035,0.9806793393580555,0.9829979181124219,0.9602446483180428,0.017002081887578124,0.08266751316952631,-0.01923339053879404
2016,lightgbm,emp_length,demographic_parity,8 years,4332.0,0.1084949215143121,0.976915974145891,0.9831693423096841,0.925531914893617,0.016830657690315887,0.08163535866524593,-0.026859562849066168
2016,lightgbm,emp_length,demographic_parity,9 years,3932.0,0.10732451678535096,0.981943031536114,0.986039886039886,0.9478672985781991,0.013960113960113985,0.08108721504528475,-0.026237301740066207
2016,lightgbm,emp_length,demographic_parity,< 1 year,7252.0,0.11665747380033094,0.9808328736900166,0.9831408054948486,0.9633569739952719,0.016859194505151387,0.08087694745283125,-0.03578052634749969
2016,lightgbm,emp_length,demographic_parity,missing,6486.0,0.1341350601295097,0.9722479185938946,0.9756054131054132,0.9505747126436782,0.024394586894586845,0.09542157696407993,-0.038713483165429774
2016,lightgbm,emp_length,equal_opportunity,1 year,6644.0,0.11709813365442505,0.973208910295003,0.9788612342311627,0.9305912596401028,0.02113876576883733,0.07914746248438882,-0.037950671170036226
2016,lightgbm,emp_length,equal_opportunity,10+ years,34652.0,0.09751240909615606,0.9763361422140137,0.9799827327087264,0.9425865640722108,0.02001726729127362,0.07578947379417507,-0.021722935301980995
2016,lightgbm,emp_length,equal_opportunity,2 years,9079.0,0.11124573190880054,0.9779711421962771,0.981286404758954,0.9514851485148514,0.018713595241045988,0.07984667227236873,-0.0313990596364318
2016,lightgbm,emp_length,equal_opportunity,3 years,8095.0,0.11537986411365041,0.9786287831995059,0.9818461108783689,0.9539614561027837,0.018153889121631073,0.08284714561127961,-0.0325327185023708
2016,lightgbm,emp_length,equal_opportunity,4 years,5832.0,0.10545267489711935,0.9806241426611797,0.9840904734521756,0.9512195121951219,0.015909526547824404,0.08173506924476619,-0.02371760565235316
2016,lightgbm,emp_length,equal_opportunity,5 years,6103.0,0.10240865148287727,0.9777158774373259,0.9819277108433735,0.9408,0.01807228915662651,0.08010997157960775,-0.022298679903269517
2016,lightgbm,emp_length,equal_opportunity,6 years,4384.0,0.09375,0.9701186131386861,0.9733199093883715,0.9391727493917275,0.02668009061162846,0.0845796296105262,-0.009170370389473798
2016,lightgbm,emp_length,equal_opportunity,7 years,3209.0,0.10190090370832035,0.9806793393580555,0.9829979181124219,0.9602446483180428,0.017002081887578124,0.08266751316952631,-0.01923339053879404
2016,lightgbm,emp_length,equal_opportunity,8 years,4332.0,0.1084949215143121,0.9759926131117267,0.9823925427239772,0.9234042553191489,0.017607457276022753,0.08163535866524593,-0.026859562849066168
2016,lightgbm,emp_length,equal_opportunity,9 years,3932.0,0.10732451678535096,0.9811800610376399,0.9851851851851852,0.9478672985781991,0.014814814814814836,0.08108721504528475,-0.026237301740066207
2016,lightgbm,emp_length,equal_opportunity,< 1 year,7252.0,0.11665747380033094,0.9793160507446221,0.9818919762722448,0.9598108747044918,0.018108023727755218,0.08087694745283125,-0.03578052634749969
2016,lightgbm,emp_length,equal_opportunity,missing,6486.0,0.1341350601295097,0.9702436016034536,0.9738247863247863,0.9471264367816092,0.026175213675213693,0.09542157696407993,-0.038713483165429774
2017,logistic_woe,income_quintile,baseline,1,18127.0,0.11491145804600872,0.9539912837204171,0.9588007978060334,0.9169467114738358,0.041199202193966555,0.10111176573344591,-0.013799692312562811
2017,logistic_woe,income_quintile,baseline,2,17672.0,0.102818017202354,0.9745925758261657,0.978240302743614,0.9427627958172813,0.021759697256386046,0.08693427867784248,-0.015883738524511526
2017,logistic_woe,income_quintile,baseline,3,18608.0,0.09845227858985382,0.9813521066208083,0.9856342393896041,0.9421397379912664,0.01436576061039585,0.07833915701465957,-0.02011312157519425
2017,logistic_woe,income_quintile,baseline,4,20433.0,0.09264425194538246,0.9901629716634855,0.9923948220064724,0.9683042789223455,0.0076051779935275565,0.0669989901046684,-0.02564526184071407
2017,logistic_woe,income_quintile,baseline,5,25160.0,0.07790143084260731,0.9968998410174881,0.9976293103448276,0.988265306122449,0.0023706896551723977,0.05661551749791134,-0.02128591334469597
2017,logistic_woe,income_quintile,demographic_parity,1,18127.0,0.11491145804600872,0.9809676173663596,0.9830466217900773,0.9649543927028325,0.01695337820992271,0.10111176573344591,-0.013799692312562811
2017,logistic_woe,income_quintile,demographic_parity,2,17672.0,0.102818017202354,0.9810434585785424,0.9839798170923999,0.9554210236653825,0.0160201829076001,0.08693427867784248,-0.015883738524511526
2017,logistic_woe,income_quintile,demographic_parity,3,18608.0,0.09845227858985382,0.9794174548581256,0.9842036242250835,0.9355895196506551,0.01579637577491655,0.07833915701465957,-0.02011312157519425
2017,logistic_woe,income_quintile,demographic_parity,4,20433.0,0.09264425194538246,0.977976802231684,0.9822545846817692,0.93608029582673,0.017745415318230817,0.0669989901046684,-0.02564526184071407
2017,logistic_woe,income_quintile,demographic_parity,5,25160.0,0.07790143084260731,0.9761128775834658,0.9798706896551724,0.9316326530612244,0.020129310344827567,0.05661551749791134,-0.02128591334469597
2017,logistic_woe,income_quintile,equal_opportunity,1,18127.0,0.11491145804600872,0.9819606112428974,0.9839192221391174,0.9668746999519923,0.016080777860882578,0.10111176573344591,-0.013799692312562811
2017,logistic_woe,income_quintile,equal_opportunity,2,17672.0,0.102818017202354,0.9807605251244907,0.9837906023336487,0.9543203082003302,0.01620939766635132,0.08693427867784248,-0.015883738524511526
2017,logistic_woe,income_quintile,equal_opportunity,3,18608.0,0.09845227858985382,0.9793099742046432,0.9840844062947067,0.9355895196506551,0.015915593705293274,0.07833915701465957,-0.02011312157519425
2017,logistic_woe,income_quintile,equal_opportunity,4,20433.0,0.09264425194538246,0.9774384573973475,0.9817691477885653,0.9350237717908082,0.018230852211434723,0.0669989901046684,-0.02564526184071407
2017,logistic_woe,income_quintile,equal_opportunity,5,25160.0,0.07790143084260731,0.977027027027027,0.980646551724138,0.9341836734693878,0.01935344827586205,0.05661551749791134,-0.02128591334469597
2017,logistic_woe,emp_length,baseline,1 year,6731.0,0.10533353142177983,0.9757836874164314,0.9789106609099967,0.9492242595204513,0.021089339090003323,0.08246172670521215,-0.022871804716567676
2017,logistic_woe,emp_length,baseline,10+ years,34240.0,0.08665303738317758,0.9904497663551401,0.9924535541841205,0.9693292888439501,0.007546445815879488,0.06740819966406511,-0.019244837719112465
2017,logistic_woe,emp_length,baseline,2 years,9333.0,0.09911068252437587,0.9806064502303654,0.9840627973358707,0.9491891891891892,0.015937202664129346,0.07667150269769492,-0.02243917982668095
2017,logistic_woe,emp_length,baseline,3 years,8314.0,0.09983160933365408,0.9802742362280491,0.982896846606093,0.9566265060240964,0.017103153393907,0.07788880472219924,-0.02194280461145484
2017,logistic_woe,emp_length,baseline,4 years,5937.0,0.0968502610746168,0.9782718544719555,0.9809772472957852,0.9530434782608695,0.01902275270421483,0.07901342484010877,-0.017836836234508033
2017,logistic_woe,emp_length,baseline,5 years,6270.0,0.09601275917065391,0.9818181818181818,0.9850035285815102,0.9518272425249169,0.01499647141848981,0.07739926176102356,-0.01861349740963035
2017,logistic_woe,emp_length,baseline,6 years,4355.0,0.0904707233065442,0.9804822043628014,0.9851047715223429,0.934010152284264,0.014895228477657119,0.07895403166729889,-0.011516691639245305
2017,logistic_woe,emp_length,baseline,7 years,3453.0,0.09498986388647553,0.9762525340283811,0.9808,0.9329268292682927,0.019199999999999995,0.07785364374334876,-0.017136220143126768
2017,logistic_woe,emp_length,baseline,8 years,3307.0,0.09011188388267312,0.9821590565467191,0.9833831837819874,0.9697986577181208,0.016616816218012587,0.07542683399250522,-0.014685049890167903
2017,logistic_woe,emp_length,baseline,9 years,3677.0,0.089475115583356,0.9806907805276041,0.9826762246117084,0.9604863221884499,0.01732377538829155,0.07719613268691594,-0.012278982896440055
2017,logistic_woe,emp_length,baseline,< 1 year,7398.0,0.09556636928899703,0.9747228980805623,0.9789269167538485,0.9349363507779349,0.021073083246151536,0.08320697056334933,-0.012359398725647702
2017,logistic_woe,emp_length,baseline,missing,6985.0,0.1318539727988547,0.9503221188260559,0.9566292875989446,0.9087947882736156,0.04337071240105539,0.09708756915343311,-0.03476640364542158
2017,logistic_woe,emp_length,demographic_parity,1 year,6731.0,0.10533353142177983,0.9777150497697222,0.9807372965792096,0.9520451339915373,0.019262703420790395,0.08246172670521215,-0.022871804716567676
2017,logistic_woe,emp_length,demographic_parity,10+ years,34240.0,0.08665303738317758,0.9815128504672898,0.9850350142295271,0.9443882709807887,0.014964985770472894,0.06740819966406511,-0.019244837719112465
2017,logistic_woe,emp_length,demographic_parity,2 years,9333.0,0.09911068252437587,0.979534983392264,0.9833491912464319,0.9448648648648649,0.016650808753568058,0.07667150269769492,-0.02243917982668095
2017,logistic_woe,emp_length,demographic_parity,3 years,8314.0,0.09983160933365408,0.9807553524176088,0.9832977017637627,0.9578313253012049,0.016702298236237256,0.07788880472219924,-0.02194280461145484
2017,logistic_woe,emp_length,demographic_parity,4 years,5937.0,0.0968502610746168,0.9814721239683342,0.9837747109287579,0.96,0.0162252890712421,0.07901342484010877,-0.017836836234508033
2017,logistic_woe,emp_length,demographic_parity,5 years,6270.0,0.09601275917065391,0.9811802232854865,0.9844742413549753,0.9501661129568106,0.015525758645024701,0.07739926176102356,-0.01861349740963035
2017,logistic_woe,emp_length,demographic_parity,6 years,4355.0,0.0904707233065442,0.983926521239954,0.9883867710174199,0.9390862944162437,0.011613228982580104,0.07895403166729889,-0.011516691639245305
2017,logistic_woe,emp_length,demographic_parity,7 years,3453.0,0.09498986388647553,0.981465392412395,0.98464,0.9512195121951219,0.01536000000000004,0.07785364374334876,-0.017136220143126768
2017,logistic_woe,emp_length,demographic_parity,8 years,3307.0,0.09011188388267312,0.9812518899304505,0.9827185111332669,0.9664429530201343,0.017281488866733086,0.07542683399250522,-0.014685049890167903
2017,logistic_woe,emp_length,demographic_parity,9 years,3677.0,0.089475115583356,0.9831384280663584,0.9847670250896058,0.9665653495440729,0.015232974910394215,0.07719613268691594,-0.012278982896440055
2017,logistic_woe,emp_length,demographic_parity,< 1 year,7398.0,0.09556636928899703,0.9832387131657204,0.9865490958003288,0.9519094766619519,0.01345090419967121,0.08320697056334933,-0.012359398725647702
2017,logistic_woe,emp_length,demographic_parity,missing,6985.0,0.1318539727988547,0.9822476735862563,0.9838390501319261,0.9717698154180239,0.016160949868073926,0.09708756915343311,-0.03476640364542158
2017,logistic_woe,emp_length,equal_opportunity,1 year,6731.0,0.10533353142177983,0.9738523250631407,0.977250083028894,0.9449929478138223,0.022749916971105955,0.08246172670521215,-0.022871804716567676
2017,logistic_woe,emp_length,equal_opportunity,10+ years,34240.0,0.08665303738317758,0.9782126168224299,0.9821251558852685,0.9369733737782272,0.017874844114731503,0.06740819966406511,-0.019244837719112465
2017,logistic_woe,emp_length,equal_opportunity,2 years,9333.0,0.09911068252437587,0.9759991428265296,0.9803758325404377,0.9362162162162162,0.019624167459562303,0.07667150269769492,-0.02243917982668095
2017,logistic_woe,emp_length,equal_opportunity,3 years,8314.0,0.09983160933365408,0.9789511667067596,0.9819615179048637,0.9518072289156626,0.018038482095136255,0.07788880472219924,-0.02194280461145484
2017,logistic_woe,emp_length,equal_opportunity,4 years,5937.0,0.0968502610746168,0.976082196395486,0.9792987691160014,0.9460869565217391,0.020701230883998556,0.07901342484010877,-0.017836836234508033
2017,logistic_woe,emp_length,equal_opportunity,5 years,6270.0,0.09601275917065391,0.9759170653907496,0.9797106563161609,0.9401993355481728,0.020289343683839056,0.07739926176102356,-0.01861349740963035
2017,logistic_woe,emp_length,equal_opportunity,6 years,4355.0,0.0904707233065442,0.9797933409873708,0.9843473870234789,0.934010152284264,0.015652612976521096,0.07895403166729889,-0.011516691639245305
2017,logistic_woe,emp_length,equal_opportunity,7 years,3453.0,0.09498986388647553,0.9756733275412685,0.98016,0.9329268292682927,0.01983999999999997,0.07785364374334876,-0.017136220143126768
2017,logistic_woe,emp_length,equal_opportunity,8 years,3307.0,0.09011188388267312,0.9782280012095554,0.9800598205383848,0.959731543624161,0.019940179461615193,0.07542683399250522,-0.014685049890167903
2017,logistic_woe,emp_length,equal_opportunity,9 years,3677.0,0.089475115583356,0.9796029371770465,0.982078853046595,0.9544072948328267,0.017921146953404965,0.07719613268691594,-0.012278982896440055
2017,logistic_woe,emp_length,equal_opportunity,< 1 year,7398.0,0.09556636928899703,0.979183563125169,0.9825138245404275,0.9476661951909476,0.01748617545957254,0.08320697056334933,-0.012359398725647702
2017,logistic_woe,emp_length,equal_opportunity,missing,6985.0,0.1318539727988547,0.9783822476735863,0.9810356200527705,0.9609120521172638,0.018964379947229548,0.09708756915343311,-0.03476640364542158
2017,lightgbm,income_quintile,baseline,1,18127.0,0.11491145804600872,0.9417995255695923,0.9471453502867115,0.9006240998559769,0.05285464971328846,0.09934946764057663,-0.015561990405432088
2017,lightgbm,income_quintile,baseline,2,17672.0,0.102818017202354,0.9604459031235854,0.9660044150110375,0.9119427627958173,0.03399558498896249,0.08551329404699312,-0.017304723155360885
2017,lightgbm,income_quintile,baseline,3,18608.0,0.09845227858985382,0.9654449699054171,0.9726394849785408,0.8995633187772926,0.027360515021459197,0.07853210829416617,-0.019920170295687656
2017,lightgbm,income_quintile,baseline,4,20433.0,0.09264425194538246,0.974942494983605,0.9790722761596548,0.9344955097728473,0.020927723840345247,0.0703673818327552,-0.02227687011262726
2017,lightgbm,income_quintile,baseline,5,25160.0,0.07790143084260731,0.9805246422893482,0.983103448275862,0.95,0.016896551724137954,0.06351483360267081,-0.014386597239936502
2017,lightgbm,income_quintile,demographic_parity,1,18127.0,0.11491145804600872,0.9623213990180394,0.9654076290201945,0.9385501680268843,0.0345923709798055,0.09934946764057663,-0.015561990405432088
2017,lightgbm,income_quintile,demographic_parity,2,17672.0,0.102818017202354,0.9692734268899955,0.9736991485335856,0.9306549257017062,0.026300851466414366,0.08551329404699312,-0.017304723155360885
2017,lightgbm,income_quintile,demographic_parity,3,18608.0,0.09845227858985382,0.967755803955288,0.9744277539341917,0.9066593886462883,0.025572246065808324,0.07853210829416617,-0.019920170295687656
2017,lightgbm,income_quintile,demographic_parity,4,20433.0,0.09264425194538246,0.9607987079723976,0.9669363538295577,0.9006867406233492,0.03306364617044233,0.0703673818327552,-0.02227687011262726
2017,lightgbm,income_quintile,demographic_parity,5,25160.0,0.07790143084260731,0.9554054054054054,0.9606034482758621,0.8938775510204081,0.03939655172413792,0.06351483360267081,-0.014386597239936502
2017,lightgbm,income_quintile,equal_opportunity,1,18127.0,0.11491145804600872,0.9635902245269488,0.9667165295437546,0.9395103216514642,0.033283470456245356,0.09934946764057663,-0.015561990405432088
2017,lightgbm,income_quintile,equal_opportunity,2,17672.0,0.102818017202354,0.9691036668175645,0.9735099337748344,0.9306549257017062,0.026490066225165587,0.08551329404699312,-0.017304723155360885
2017,lightgbm,income_quintile,equal_opportunity,3,18608.0,0.09845227858985382,0.9660361134995701,0.9731163567000477,0.9012008733624454,0.026883643299952298,0.07853210829416617,-0.019920170295687656
2017,lightgbm,income_quintile,equal_opportunity,4,20433.0,0.09264425194538246,0.9608965888513679,0.9670442286947142,0.9006867406233492,0.03295577130528582,0.0703673818327552,-0.02227687011262726
2017,lightgbm,income_quintile,equal_opportunity,5,25160.0,0.07790143084260731,0.9560015898251193,0.9611206896551724,0.8954081632653061,0.03887931034482761,0.06351483360267081,-0.014386597239936502
2017,lightgbm,emp_length,baseline,1 year,6731.0,0.10533353142177983,0.9640469469618185,0.9699435403520426,0.9139633286318759,0.030056459647957445,0.0823613139062682,-0.022972217515511623
2017,lightgbm,emp_length,baseline,10+ years,34240.0,0.08665303738317758,0.9747955607476636,0.9787676270265084,0.9329288843950118,0.021232372973491564,0.07176519077281551,-0.014887846610362063
2017,lightgbm,emp_length,baseline,2 years,9333.0,0.09911068252437587,0.9643201542912246,0.9702664129400571,0.9102702702702703,0.02973358705994289,0.07901330118534516,-0.020097381339030704
2017,lightgbm,emp_length,baseline,3 years,8314.0,0.09983160933365408,0.9623526581669474,0.9675307322287546,0.9156626506024096,0.03246926777124537,0.08006233881505001,-0.019769270518604068
2017,lightgbm,emp_length,baseline,4 years,5937.0,0.0968502610746168,0.9612598955701532,0.9668034315553897,0.9095652173913044,0.033196568444610275,0.08018957991437252,-0.016660681160244287
2017,lightgbm,emp_length,baseline,5 years,6270.0,0.09601275917065391,0.966347687400319,0.971242060691602,0.920265780730897,0.028757939308397984,0.07887191597831227,-0.017140843192341645
2017,lightgbm,emp_length,baseline,6 years,4355.0,0.0904707233065442,0.9618828932261768,0.9681898510477153,0.8984771573604061,0.031810148952284734,0.08081262230667058,-0.009658100999873617
2017,lightgbm,emp_length,baseline,7 years,3453.0,0.09498986388647553,0.9658268172603534,0.97056,0.9207317073170732,0.02944000000000002,0.07808127467168414,-0.01690858921479138
2017,lightgbm,emp_length,baseline,8 years,3307.0,0.09011188388267312,0.9682491684306017,0.9740777666999003,0.9093959731543624,0.025922233300099684,0.0780494525985286,-0.012062431284144526
2017,lightgbm,emp_length,baseline,9 years,3677.0,0.089475115583356,0.9660048952950775,0.9707287933094385,0.9179331306990881,0.02927120669056149,0.07889007329476595,-0.010585042288590044
2017,lightgbm,emp_length,baseline,< 1 year,7398.0,0.09556636928899703,0.9617464179507975,0.9660738305186071,0.9207920792079208,0.03392616948139293,0.08275175325721701,-0.012814616031780024
2017,lightgbm,emp_length,baseline,missing,6985.0,0.1318539727988547,0.9413027916964924,0.9462401055408971,0.9087947882736156,0.0537598944591029,0.09191677859497122,-0.039937194203883475
2017,lightgbm,emp_length,demographic_parity,1 year,6731.0,0.10533353142177983,0.9665725746545832,0.9719362338093657,0.921015514809591,0.02806376619063433,0.0823613139062682,-0.022972217515511623
2017,lightgbm,emp_length,demographic_parity,10+ years,34240.0,0.08665303738317758,0.9667640186915888,0.971828734051738,0.9133805190428042,0.028171265948262025,0.07176519077281551,-0.014887846610362063
2017,lightgbm,emp_length,demographic_parity,2 years,9333.0,0.09911068252437587,0.9636772741883639,0.9695528068506185,0.9102702702702703,0.03044719314938149,0.07901330118534516,-0.020097381339030704
2017,lightgbm,emp_length,demographic_parity,3 years,8314.0,0.09983160933365408,0.9640365648304066,0.9685996793158739,0.9228915662650602,0.031400320684126126,0.08006233881505001,-0.019769270518604068
2017,lightgbm,emp_length,demographic_parity,4 years,5937.0,0.0968502610746168,0.9644601650665319,0.9692279000372995,0.92,0.030772099962700472,0.08018957991437252,-0.016660681160244287
2017,lightgbm,emp_length,demographic_parity,5 years,6270.0,0.09601275917065391,0.966347687400319,0.971242060691602,0.920265780730897,0.028757939308397984,0.07887191597831227,-0.017140843192341645
2017,lightgbm,emp_length,demographic_parity,6 years,4355.0,0.0904707233065442,0.9632606199770379,0.9697046200454431,0.8984771573604061,0.03029537995455689,0.08081262230667058,-0.009658100999873617
2017,lightgbm,emp_length,demographic_parity,7 years,3453.0,0.09498986388647553,0.9719084853750362,0.97568,0.9359756097560976,0.02432000000000001,0.07808127467168414,-0.01690858921479138
2017,lightgbm,emp_length,demographic_parity,8 years,3307.0,0.09011188388267312,0.9697611127910493,0.9757394483217016,0.9093959731543624,0.024260551678298437,0.0780494525985286,-0.012062431284144526
2017,lightgbm,emp_length,demographic_parity,9 years,3677.0,0.089475115583356,0.9741637204242589,0.9778972520908005,0.9361702127659575,0.022102747909199527,0.07889007329476595,-0.010585042288590044
2017,lightgbm,emp_length,demographic_parity,< 1 year,7398.0,0.09556636928899703,0.9640443363071101,0.968315647885219,0.9236209335219236,0.031684352114781045,0.08275175325721701,-0.012814616031780024
2017,lightgbm,emp_length,demographic_parity,missing,6985.0,0.1318539727988547,0.9616320687186829,0.9650395778364116,0.9391965255157437,0.03496042216358841,0.09191677859497122,-0.039937194203883475
2017,lightgbm,emp_length,equal_opportunity,1 year,6731.0,0.10533353142177983,0.9633041152874758,0.9692793091996015,0.9125528913963329,0.03072069080039852,0.0823613139062682,-0.022972217515511623
2017,lightgbm,emp_length,equal_opportunity,10+ years,34240.0,0.08665303738317758,0.9635514018691589,0.9691427109647299,0.9046174587125042,0.030857289035270075,0.07176519077281551,-0.014887846610362063
2017,lightgbm,emp_length,equal_opportunity,2 years,9333.0,0.09911068252437587,0.9614271938283511,0.9677687916270219,0.9037837837837838,0.032231208372978104,0.07901330118534516,-0.020097381339030704
2017,lightgbm,emp_length,equal_opportunity,3 years,8314.0,0.09983160933365408,0.9628337743565071,0.9679315873864244,0.9168674698795181,0.032068412613575625,0.08006233881505001,-0.019769270518604068
2017,lightgbm,emp_length,equal_opportunity,4 years,5937.0,0.0968502610746168,0.9583964965470777,0.964005967922417,0.9060869565217391,0.035994032077583005,0.08018957991437252,-0.016660681160244287
2017,lightgbm,emp_length,equal_opportunity,5 years,6270.0,0.09601275917065391,0.9641148325358851,0.9693013408609739,0.915282392026578,0.03069865913902614,0.07887191597831227,-0.017140843192341645
2017,lightgbm,emp_length,equal_opportunity,6 years,4355.0,0.0904707233065442,0.9605051664753157,0.9666750820499874,0.8984771573604061,0.03332491795001258,0.08081262230667058,-0.009658100999873617
2017,lightgbm,emp_length,equal_opportunity,7 years,3453.0,0.09498986388647553,0.9672748334781349,0.97184,0.9237804878048781,0.028159999999999963,0.07808127467168414,-0.01690858921479138
2017,lightgbm,emp_length,equal_opportunity,8 years,3307.0,0.09011188388267312,0.9667372240701542,0.9724160850780991,0.9093959731543624,0.02758391492190093,0.0780494525985286,-0.012062431284144526
2017,lightgbm,emp_length,equal_opportunity,9 years,3677.0,0.089475115583356,0.9711721512102257,0.9755077658303465,0.9270516717325228,0.024492234169653515,0.07889007329476595,-0.010585042288590044
2017,lightgbm,emp_length,equal_opportunity,< 1 year,7398.0,0.09556636928899703,0.9583671262503379,0.9636825586608878,0.9080622347949081,0.03631744133911219,0.08275175325721701,-0.012814616031780024
2017,lightgbm,emp_length,equal_opportunity,missing,6985.0,0.1318539727988547,0.9596277738010022,0.9633905013192612,0.9348534201954397,0.03660949868073882,0.09191677859497122,-0.039937194203883475
